Disk path distribution Export,27 Dec 2025 08:48 AM +00:00
Device ID,DNS Name,Operating System,Path,Vendor,Product,Installed Version,PathLastSeenTimestamp,PathLastUsedTimestamp,PathLastUsedWithOpenPortTimestamp,Discovered vulnerabilities
d69b6dadd3682cd12f2ac9335ab3e6b056638c4a,vmazwevdd06-0,Windows11,c:\packages\plugins\microsoft.azure.security.windowsattestation.guestattestation\1.0.1.41\libcrypto-3-x64.dll,openssl,openssl,3.5.1.0,"23 Dec, 2025 01:58:49 PM","23 Dec, 2025 01:58:49 PM",,"CVE-2025-9232, CVE-2025-9231, CVE-2025-9230"
d69b6dadd3682cd12f2ac9335ab3e6b056638c4a,vmazwevdd06-0,Windows11,c:\packages\plugins\microsoft.azure.security.windowsattestation.guestattestation\1.0.1.41\libssl-3-x64.dll,openssl,openssl,3.5.1.0,"23 Dec, 2025 01:58:49 PM","23 Dec, 2025 01:58:49 PM",,"CVE-2025-9232, CVE-2025-9231, CVE-2025-9230"
d69b6dadd3682cd12f2ac9335ab3e6b056638c4a,vmazwevdd06-0,Windows11,c:\program files\microsoft office\root\office16\libcrypto-3-x64.dll,openssl,openssl,3.5.2.0,"23 Dec, 2025 01:58:49 PM","23 Dec, 2025 01:58:49 PM",,"CVE-2025-9232, CVE-2025-9231, CVE-2025-9230"
0b9a1398fe2e763164669f18bcb88aeb93106289,cpc-toy-tzxzn,Windows11,C:\Program Files (x86)\Common Files\Pulse Secure\JUNS\openssl.exe,openssl,openssl,3.3.0.0,"26 Dec, 2025 10:06:39 PM","26 Dec, 2025 10:06:39 PM",,"CVE-2025-9231, CVE-2025-9230, CVE-2024-9143, CVE-2024-6119, CVE-2024-5535, CVE-2024-4741, CVE-2024-4603, CVE-2024-13176, CVE-2024-12797"
0b9a1398fe2e763164669f18bcb88aeb93106289,cpc-toy-tzxzn,Windows11,c:\users\tolgaoy\appdata\roaming\pulse secure\host checker\libcrypto-3.dll,openssl,openssl,3.3.0.0,"27 Dec, 2025 12:12:20 AM","27 Dec, 2025 12:12:20 AM",,"CVE-2025-9231, CVE-2025-9230, CVE-2024-9143, CVE-2024-6119, CVE-2024-5535, CVE-2024-4741, CVE-2024-4603, CVE-2024-13176, CVE-2024-12797"
0b9a1398fe2e763164669f18bcb88aeb93106289,cpc-toy-tzxzn,Windows11,c:\users\tolgaoy\appdata\roaming\pulse secure\host checker\libssl-3.dll,openssl,openssl,3.3.0.0,"27 Dec, 2025 12:12:20 AM","27 Dec, 2025 12:12:20 AM",,"CVE-2025-9231, CVE-2025-9230, CVE-2024-9143, CVE-2024-6119, CVE-2024-5535, CVE-2024-4741, CVE-2024-4603, CVE-2024-13176, CVE-2024-12797"
0b9a1398fe2e763164669f18bcb88aeb93106289,cpc-toy-tzxzn,Windows11,c:\users\tolgaoy\appdata\roaming\pulse secure\psal\libcrypto-3.dll,openssl,openssl,3.3.0.0,"27 Dec, 2025 12:12:20 AM","27 Dec, 2025 12:12:20 AM",,"CVE-2025-9231, CVE-2025-9230, CVE-2024-9143, CVE-2024-6119, CVE-2024-5535, CVE-2024-4741, CVE-2024-4603, CVE-2024-13176, CVE-2024-12797"
0b9a1398fe2e763164669f18bcb88aeb93106289,cpc-toy-tzxzn,Windows11,c:\users\tolgaoy\appdata\roaming\pulse secure\psal\libssl-3.dll,openssl,openssl,3.3.0.0,"27 Dec, 2025 12:12:20 AM","27 Dec, 2025 12:12:20 AM",,"CVE-2025-9231, CVE-2025-9230, CVE-2024-9143, CVE-2024-6119, CVE-2024-5535, CVE-2024-4741, CVE-2024-4603, CVE-2024-13176, CVE-2024-12797"
0b9a1398fe2e763164669f18bcb88aeb93106289,cpc-toy-tzxzn,Windows11,c:\users\tolgaoy\appdata\roaming\pulse secure\psal\x64\libcrypto-3-x64.dll,openssl,openssl,3.3.0.0,"27 Dec, 2025 12:12:20 AM","27 Dec, 2025 12:12:20 AM",,"CVE-2025-9231, CVE-2025-9230, CVE-2024-9143, CVE-2024-6119, CVE-2024-5535, CVE-2024-4741, CVE-2024-4603, CVE-2024-13176, CVE-2024-12797"
0b9a1398fe2e763164669f18bcb88aeb93106289,cpc-toy-tzxzn,Windows11,c:\users\tolgaoy\appdata\roaming\pulse secure\psal\x64\libssl-3-x64.dll,openssl,openssl,3.3.0.0,"27 Dec, 2025 12:12:20 AM","27 Dec, 2025 12:12:20 AM",,"CVE-2025-9231, CVE-2025-9230, CVE-2024-9143, CVE-2024-6119, CVE-2024-5535, CVE-2024-4741, CVE-2024-4603, CVE-2024-13176, CVE-2024-12797"
0b9a1398fe2e763164669f18bcb88aeb93106289,cpc-toy-tzxzn,Windows11,c:\users\tolgaoy\appdata\roaming\pulse secure\psal\x86\libcrypto-3.dll,openssl,openssl,3.3.0.0,"27 Dec, 2025 12:12:20 AM","27 Dec, 2025 12:12:20 AM",,"CVE-2025-9231, CVE-2025-9230, CVE-2024-9143, CVE-2024-6119, CVE-2024-5535, CVE-2024-4741, CVE-2024-4603, CVE-2024-13176, CVE-2024-12797"
0b9a1398fe2e763164669f18bcb88aeb93106289,cpc-toy-tzxzn,Windows11,c:\users\tolgaoy\appdata\roaming\pulse secure\psal\x86\libssl-3.dll,openssl,openssl,3.3.0.0,"27 Dec, 2025 12:12:20 AM","27 Dec, 2025 12:12:20 AM",,"CVE-2025-9231, CVE-2025-9230, CVE-2024-9143, CVE-2024-6119, CVE-2024-5535, CVE-2024-4741, CVE-2024-4603, CVE-2024-13176, CVE-2024-12797"
0b9a1398fe2e763164669f18bcb88aeb93106289,cpc-toy-tzxzn,Windows11,c:\users\tolgaoy\appdata\roaming\pulse secure\setup client\libcrypto-3.dll,openssl,openssl,3.3.0.0,"27 Dec, 2025 12:12:20 AM","27 Dec, 2025 12:12:20 AM",,"CVE-2025-9231, CVE-2025-9230, CVE-2024-9143, CVE-2024-6119, CVE-2024-5535, CVE-2024-4741, CVE-2024-4603, CVE-2024-13176, CVE-2024-12797"
0b9a1398fe2e763164669f18bcb88aeb93106289,cpc-toy-tzxzn,Windows11,c:\users\tolgaoy\appdata\roaming\pulse secure\setup client\libssl-3.dll,openssl,openssl,3.3.0.0,"27 Dec, 2025 12:12:20 AM","27 Dec, 2025 12:12:20 AM",,"CVE-2025-9231, CVE-2025-9230, CVE-2024-9143, CVE-2024-6119, CVE-2024-5535, CVE-2024-4741, CVE-2024-4603, CVE-2024-13176, CVE-2024-12797"
0b9a1398fe2e763164669f18bcb88aeb93106289,cpc-toy-tzxzn,Windows11,c:\program files (x86)\common files\pulse secure\jamui\libcrypto-3.dll,openssl,openssl,3.3.0.0,"27 Dec, 2025 12:12:20 AM","27 Dec, 2025 12:12:20 AM",,"CVE-2025-9231, CVE-2025-9230, CVE-2024-9143, CVE-2024-6119, CVE-2024-5535, CVE-2024-4741, CVE-2024-4603, CVE-2024-13176, CVE-2024-12797"
0b9a1398fe2e763164669f18bcb88aeb93106289,cpc-toy-tzxzn,Windows11,c:\program files (x86)\common files\pulse secure\jamui\libcrypto-3-x64.dll,openssl,openssl,3.3.0.0,"27 Dec, 2025 12:12:20 AM","27 Dec, 2025 12:12:20 AM",,"CVE-2025-9231, CVE-2025-9230, CVE-2024-9143, CVE-2024-6119, CVE-2024-5535, CVE-2024-4741, CVE-2024-4603, CVE-2024-13176, CVE-2024-12797"
0b9a1398fe2e763164669f18bcb88aeb93106289,cpc-toy-tzxzn,Windows11,c:\program files (x86)\common files\pulse secure\jamui\libssl-3.dll,openssl,openssl,3.3.0.0,"27 Dec, 2025 12:12:20 AM","27 Dec, 2025 12:12:20 AM",,"CVE-2025-9231, CVE-2025-9230, CVE-2024-9143, CVE-2024-6119, CVE-2024-5535, CVE-2024-4741, CVE-2024-4603, CVE-2024-13176, CVE-2024-12797"
0b9a1398fe2e763164669f18bcb88aeb93106289,cpc-toy-tzxzn,Windows11,c:\program files (x86)\common files\pulse secure\juns\libcrypto-3.dll,openssl,openssl,3.3.0.0,"27 Dec, 2025 12:12:20 AM","27 Dec, 2025 12:12:20 AM",,"CVE-2025-9231, CVE-2025-9230, CVE-2024-9143, CVE-2024-6119, CVE-2024-5535, CVE-2024-4741, CVE-2024-4603, CVE-2024-13176, CVE-2024-12797"
0b9a1398fe2e763164669f18bcb88aeb93106289,cpc-toy-tzxzn,Windows11,c:\program files (x86)\common files\pulse secure\juns\libssl-3.dll,openssl,openssl,3.3.0.0,"27 Dec, 2025 12:12:20 AM","27 Dec, 2025 12:12:20 AM",,"CVE-2025-9231, CVE-2025-9230, CVE-2024-9143, CVE-2024-6119, CVE-2024-5535, CVE-2024-4741, CVE-2024-4603, CVE-2024-13176, CVE-2024-12797"
0b9a1398fe2e763164669f18bcb88aeb93106289,cpc-toy-tzxzn,Windows11,c:\program files (x86)\common files\pulse secure\tnc client plugin\libcrypto-3.dll,openssl,openssl,3.3.0.0,"27 Dec, 2025 12:12:20 AM","27 Dec, 2025 12:12:20 AM",,"CVE-2025-9231, CVE-2025-9230, CVE-2024-9143, CVE-2024-6119, CVE-2024-5535, CVE-2024-4741, CVE-2024-4603, CVE-2024-13176, CVE-2024-12797"
0b9a1398fe2e763164669f18bcb88aeb93106289,cpc-toy-tzxzn,Windows11,c:\program files\git\mingw64\bin\libcrypto-3-x64.dll,openssl,openssl,3.2.1.0,"27 Dec, 2025 12:12:20 AM","27 Dec, 2025 12:12:20 AM",,"CVE-2025-9231, CVE-2025-9230, CVE-2024-9143, CVE-2024-6119, CVE-2024-5535, CVE-2024-4741, CVE-2024-4603, CVE-2024-2511, CVE-2024-13176, CVE-2024-12797"
0b9a1398fe2e763164669f18bcb88aeb93106289,cpc-toy-tzxzn,Windows11,c:\program files\git\mingw64\bin\libssl-3-x64.dll,openssl,openssl,3.2.1.0,"27 Dec, 2025 12:12:20 AM","27 Dec, 2025 12:12:20 AM",,"CVE-2025-9231, CVE-2025-9230, CVE-2024-9143, CVE-2024-6119, CVE-2024-5535, CVE-2024-4741, CVE-2024-4603, CVE-2024-2511, CVE-2024-13176, CVE-2024-12797"
0b9a1398fe2e763164669f18bcb88aeb93106289,cpc-toy-tzxzn,Windows11,c:\program files\microsoft sdks\azure\cli2\libcrypto-3.dll,openssl,openssl,3.0.13.0,"27 Dec, 2025 12:12:20 AM","27 Dec, 2025 12:12:20 AM",,"CVE-2025-9230, CVE-2024-9143, CVE-2024-6119, CVE-2024-5535, CVE-2024-4741, CVE-2024-4603, CVE-2024-2511, CVE-2024-13176"
0b9a1398fe2e763164669f18bcb88aeb93106289,cpc-toy-tzxzn,Windows11,c:\program files\microsoft sdks\azure\cli2\libssl-3.dll,openssl,openssl,3.0.13.0,"27 Dec, 2025 12:12:20 AM","27 Dec, 2025 12:12:20 AM",,"CVE-2025-9230, CVE-2024-9143, CVE-2024-6119, CVE-2024-5535, CVE-2024-4741, CVE-2024-4603, CVE-2024-2511, CVE-2024-13176"
0b9a1398fe2e763164669f18bcb88aeb93106289,cpc-toy-tzxzn,Windows11,c:\users\tolgaoy\appdata\roaming\zoom\bin\libcrypto-3-zm.dll,openssl,openssl,3.4.2.0,"27 Dec, 2025 12:12:20 AM","27 Dec, 2025 12:12:20 AM",,"CVE-2025-9232, CVE-2025-9231, CVE-2025-9230"
0b9a1398fe2e763164669f18bcb88aeb93106289,cpc-toy-tzxzn,Windows11,c:\users\tolgaoy\appdata\roaming\zoom\bin\libssl-3-zm.dll,openssl,openssl,3.4.2.0,"27 Dec, 2025 12:12:20 AM","27 Dec, 2025 12:12:20 AM",,"CVE-2025-9232, CVE-2025-9231, CVE-2025-9230"
0b9a1398fe2e763164669f18bcb88aeb93106289,cpc-toy-tzxzn,Windows11,c:\program files\microsoft office\root\office16\libcrypto-3-x64.dll,openssl,openssl,3.5.2.0,"27 Dec, 2025 12:12:20 AM","27 Dec, 2025 12:12:20 AM",,"CVE-2025-9232, CVE-2025-9231, CVE-2025-9230"
0b9a1398fe2e763164669f18bcb88aeb93106289,cpc-toy-tzxzn,Windows11,c:\users\tolgaoy\appdata\local\programs\python\python312\dlls\libcrypto-3.dll,openssl,openssl,3.0.16.0,"27 Dec, 2025 12:12:20 AM","27 Dec, 2025 12:12:20 AM",,"CVE-2025-9232, CVE-2025-9230"
0b9a1398fe2e763164669f18bcb88aeb93106289,cpc-toy-tzxzn,Windows11,c:\users\tolgaoy\appdata\local\programs\python\python312\dlls\libssl-3.dll,openssl,openssl,3.0.16.0,"27 Dec, 2025 12:12:20 AM","27 Dec, 2025 12:12:20 AM",,"CVE-2025-9232, CVE-2025-9230"
dc88df89431ae53e2db1c2241388d868805f029d,vdi-poltest-0,Windows11,c:\packages\plugins\microsoft.azure.security.windowsattestation.guestattestation\1.0.1.41\libcrypto-3-x64.dll,openssl,openssl,3.5.1.0,"21 Dec, 2025 04:50:22 PM","21 Dec, 2025 04:50:22 PM",,"CVE-2025-9232, CVE-2025-9231, CVE-2025-9230"
dc88df89431ae53e2db1c2241388d868805f029d,vdi-poltest-0,Windows11,c:\program files\microsoft office\root\office16\libcrypto-3-x64.dll,openssl,openssl,3.5.2.0,"21 Dec, 2025 04:50:22 PM","21 Dec, 2025 04:50:22 PM",,"CVE-2025-9232, CVE-2025-9231, CVE-2025-9230"
3419d802a289ceadc2865b3242b076111c490736,vdikadir,Windows11,c:\program files\windowsapps\microsoft.microsoftofficehub_19.2512.53121.0_x64__8wekyb3d8bbwe\libcrypto-3-x64.dll,openssl,openssl,3.5.2.0,"26 Dec, 2025 02:14:34 PM","26 Dec, 2025 02:14:34 PM",,"CVE-2025-9232, CVE-2025-9231, CVE-2025-9230"
3419d802a289ceadc2865b3242b076111c490736,vdikadir,Windows11,c:\program files\windowsapps\microsoft.microsoftofficehub_19.2512.53121.0_x64__8wekyb3d8bbwe\libssl-3-x64.dll,openssl,openssl,3.5.2.0,"26 Dec, 2025 02:14:34 PM","26 Dec, 2025 02:14:34 PM",,"CVE-2025-9232, CVE-2025-9231, CVE-2025-9230"
3419d802a289ceadc2865b3242b076111c490736,vdikadir,Windows11,c:\program files\windowsapps\microsoft.windows.photos_2025.11120.5001.0_x64__8wekyb3d8bbwe\libcrypto-3-x64.dll,openssl,openssl,3.3.3.0,"26 Dec, 2025 02:14:34 PM","26 Dec, 2025 02:14:34 PM",,"CVE-2025-9232, CVE-2025-9231, CVE-2025-9230"
a1a29254540309e852b41dc6875623c206041268,wedo-6719,Windows11,c:\program files\microsoft office\root\office16\libcrypto-3-x64.dll,openssl,openssl,3.5.2.0,"22 Dec, 2025 11:26:25 AM","22 Dec, 2025 11:26:25 AM",,"CVE-2025-9232, CVE-2025-9231, CVE-2025-9230"
a1a29254540309e852b41dc6875623c206041268,wedo-6719,Windows11,c:\program files\windowsapps\microsoft.microsoftofficehub_19.2512.49061.0_x64__8wekyb3d8bbwe\libcrypto-3-x64.dll,openssl,openssl,3.5.2.0,"22 Dec, 2025 11:26:25 AM","22 Dec, 2025 11:26:25 AM",,"CVE-2025-9232, CVE-2025-9231, CVE-2025-9230"
a1a29254540309e852b41dc6875623c206041268,wedo-6719,Windows11,c:\program files\windowsapps\microsoft.microsoftofficehub_19.2512.49061.0_x64__8wekyb3d8bbwe\libssl-3-x64.dll,openssl,openssl,3.5.2.0,"22 Dec, 2025 11:26:25 AM","22 Dec, 2025 11:26:25 AM",,"CVE-2025-9232, CVE-2025-9231, CVE-2025-9230"
a1a29254540309e852b41dc6875623c206041268,wedo-6719,Windows11,c:\program files\microsoft onedrive\25.224.1116.0003\libcrypto-3-x64.dll,openssl,openssl,3.4.1.0,"22 Dec, 2025 11:26:25 AM","22 Dec, 2025 11:26:25 AM",,"CVE-2025-9232, CVE-2025-9231, CVE-2025-9230"
a1a29254540309e852b41dc6875623c206041268,wedo-6719,Windows11,c:\program files\microsoft onedrive\25.224.1116.0003\libssl-3-x64.dll,openssl,openssl,3.4.1.0,"22 Dec, 2025 11:26:25 AM","22 Dec, 2025 11:26:25 AM",,"CVE-2025-9232, CVE-2025-9231, CVE-2025-9230"
a1a29254540309e852b41dc6875623c206041268,wedo-6719,Windows11,c:\program files\windowsapps\microsoft.windows.photos_2025.11120.5001.0_x64__8wekyb3d8bbwe\libcrypto-3-x64.dll,openssl,openssl,3.3.3.0,"22 Dec, 2025 11:26:25 AM","22 Dec, 2025 11:26:25 AM",,"CVE-2025-9232, CVE-2025-9231, CVE-2025-9230"
a1a29254540309e852b41dc6875623c206041268,wedo-6719,Windows11,c:\windows\system32\driverstore\filerepository\iclsclient.inf_amd64_fc84dfa25a6a7727\lib\libcrypto-3-x64.dll,openssl,openssl,3.0.12.0,"22 Dec, 2025 11:26:25 AM","22 Dec, 2025 11:26:25 AM",,"CVE-2025-9230, CVE-2024-9143, CVE-2024-6119, CVE-2024-5535, CVE-2024-4741, CVE-2024-4603, CVE-2024-2511, CVE-2024-13176, CVE-2024-0727, CVE-2023-6237, CVE-2023-5678"
a1a29254540309e852b41dc6875623c206041268,wedo-6719,Windows11,c:\windows\system32\driverstore\filerepository\iclsclient.inf_amd64_fc84dfa25a6a7727\lib\libssl-3-x64.dll,openssl,openssl,3.0.12.0,"22 Dec, 2025 11:26:25 AM","22 Dec, 2025 11:26:25 AM",,"CVE-2025-9230, CVE-2024-9143, CVE-2024-6119, CVE-2024-5535, CVE-2024-4741, CVE-2024-4603, CVE-2024-2511, CVE-2024-13176, CVE-2024-0727, CVE-2023-6237, CVE-2023-5678"
0756b5624a9a4e600d8abefbba1a81d13e59b80d,cpc-aeren-q3ycr,Windows11,c:\program files\microsoft office\root\office16\libcrypto-3-x64.dll,openssl,openssl,3.5.2.0,"27 Dec, 2025 01:03:56 AM","27 Dec, 2025 01:03:56 AM",,"CVE-2025-9232, CVE-2025-9231, CVE-2025-9230"
ec8df0718e16d805d53ae12bc4afe22267c61958,vmazwevdd13-1,Windows11,c:\program files\microsoft office\root\office16\libcrypto-3-x64.dll,openssl,openssl,3.5.2.0,"22 Dec, 2025 05:19:01 AM","22 Dec, 2025 05:19:01 AM",,"CVE-2025-9232, CVE-2025-9231, CVE-2025-9230"
ec8df0718e16d805d53ae12bc4afe22267c61958,vmazwevdd13-1,Windows11,c:\program files\microsoft office\updates\download\packagefiles\b5aa4a46-ae0e-4986-b000-b990694409b4\root\office16\libcrypto-3-x64.dll,openssl,openssl,3.5.2.0,"22 Dec, 2025 05:19:01 AM","22 Dec, 2025 05:19:01 AM",,"CVE-2025-9232, CVE-2025-9231, CVE-2025-9230"
ec8df0718e16d805d53ae12bc4afe22267c61958,vmazwevdd13-1,Windows11,c:\program files\windowsapps\microsoft.microsoftofficehub_19.2512.49061.0_x64__8wekyb3d8bbwe\libcrypto-3-x64.dll,openssl,openssl,3.5.2.0,"22 Dec, 2025 05:19:01 AM","22 Dec, 2025 05:19:01 AM",,"CVE-2025-9232, CVE-2025-9231, CVE-2025-9230"
ec8df0718e16d805d53ae12bc4afe22267c61958,vmazwevdd13-1,Windows11,c:\program files\windowsapps\microsoft.microsoftofficehub_19.2512.49061.0_x64__8wekyb3d8bbwe\libssl-3-x64.dll,openssl,openssl,3.5.2.0,"22 Dec, 2025 05:19:01 AM","22 Dec, 2025 05:19:01 AM",,"CVE-2025-9232, CVE-2025-9231, CVE-2025-9230"
ec8df0718e16d805d53ae12bc4afe22267c61958,vmazwevdd13-1,Windows11,c:\program files\windowsapps\microsoft.microsoftofficehub_19.2512.46071.0_x64__8wekyb3d8bbwe\libcrypto-3-x64.dll,openssl,openssl,3.5.2.0,"21 Dec, 2025 08:37:52 AM","21 Dec, 2025 08:37:52 AM",,"CVE-2025-9232, CVE-2025-9231, CVE-2025-9230"
ec8df0718e16d805d53ae12bc4afe22267c61958,vmazwevdd13-1,Windows11,c:\program files\windowsapps\microsoft.microsoftofficehub_19.2512.46071.0_x64__8wekyb3d8bbwe\libssl-3-x64.dll,openssl,openssl,3.5.2.0,"21 Dec, 2025 08:37:52 AM","21 Dec, 2025 08:37:52 AM",,"CVE-2025-9232, CVE-2025-9231, CVE-2025-9230"
ec8df0718e16d805d53ae12bc4afe22267c61958,vmazwevdd13-1,Windows11,c:\program files\microsoft office\updates\download\packagefiles\b849dedb-4c4e-487a-a034-a0672859f8b2\root\office16\libcrypto-3-x64.dll,openssl,openssl,3.5.2.0,"21 Dec, 2025 08:37:52 AM","21 Dec, 2025 08:37:52 AM",,"CVE-2025-9232, CVE-2025-9231, CVE-2025-9230"
ec8df0718e16d805d53ae12bc4afe22267c61958,vmazwevdd13-1,Windows11,c:\program files\mysql\mysql workbench 8.0 ce\libcrypto-3-x64.dll,openssl,openssl,3.0.17.0,"22 Dec, 2025 05:19:01 AM","22 Dec, 2025 05:19:01 AM",,"CVE-2025-9232, CVE-2025-9230"
ec8df0718e16d805d53ae12bc4afe22267c61958,vmazwevdd13-1,Windows11,c:\program files\mysql\mysql workbench 8.0 ce\libssl-3-x64.dll,openssl,openssl,3.0.17.0,"22 Dec, 2025 05:19:01 AM","22 Dec, 2025 05:19:01 AM",,"CVE-2025-9232, CVE-2025-9230"
ec8df0718e16d805d53ae12bc4afe22267c61958,vmazwevdd13-1,Windows11,c:\program files\pgadmin 4\runtime\libcrypto-3-x64.dll,openssl,openssl,3.0.17.0,"22 Dec, 2025 05:19:01 AM","22 Dec, 2025 05:19:01 AM",,"CVE-2025-9232, CVE-2025-9230"
ec8df0718e16d805d53ae12bc4afe22267c61958,vmazwevdd13-1,Windows11,c:\program files\pgadmin 4\runtime\libssl-3-x64.dll,openssl,openssl,3.0.17.0,"22 Dec, 2025 05:19:01 AM","22 Dec, 2025 05:19:01 AM",,"CVE-2025-9232, CVE-2025-9230"
ec8df0718e16d805d53ae12bc4afe22267c61958,vmazwevdd13-1,Windows11,c:\program files\mysql\mysql workbench 8.0 ce\swb\router\bin\libcrypto-3-x64.dll,openssl,openssl,3.0.16.0,"22 Dec, 2025 05:19:01 AM","22 Dec, 2025 05:19:01 AM",,"CVE-2025-9232, CVE-2025-9230"
ec8df0718e16d805d53ae12bc4afe22267c61958,vmazwevdd13-1,Windows11,c:\program files\mysql\mysql workbench 8.0 ce\swb\router\bin\libssl-3-x64.dll,openssl,openssl,3.0.16.0,"22 Dec, 2025 05:19:01 AM","22 Dec, 2025 05:19:01 AM",,"CVE-2025-9232, CVE-2025-9230"
ec8df0718e16d805d53ae12bc4afe22267c61958,vmazwevdd13-1,Windows11,c:\program files\mysql\mysql workbench 8.0 ce\swb\shell\bin\libcrypto-3-x64.dll,openssl,openssl,3.0.16.0,"22 Dec, 2025 05:19:01 AM","22 Dec, 2025 05:19:01 AM",,"CVE-2025-9232, CVE-2025-9230"
ec8df0718e16d805d53ae12bc4afe22267c61958,vmazwevdd13-1,Windows11,c:\program files\mysql\mysql workbench 8.0 ce\swb\shell\bin\libssl-3-x64.dll,openssl,openssl,3.0.16.0,"22 Dec, 2025 05:19:01 AM","22 Dec, 2025 05:19:01 AM",,"CVE-2025-9232, CVE-2025-9230"
ec8df0718e16d805d53ae12bc4afe22267c61958,vmazwevdd13-1,Windows11,c:\program files\mysql\mysql workbench 8.0 ce\swb\shell\lib\python3.13\lib\venv\scripts\nt\libcrypto-3-x64.dll,openssl,openssl,3.0.16.0,"22 Dec, 2025 05:19:01 AM","22 Dec, 2025 05:19:01 AM",,"CVE-2025-9232, CVE-2025-9230"
ec8df0718e16d805d53ae12bc4afe22267c61958,vmazwevdd13-1,Windows11,c:\program files\mysql\mysql workbench 8.0 ce\swb\shell\lib\python3.13\lib\venv\scripts\nt\libssl-3-x64.dll,openssl,openssl,3.0.16.0,"22 Dec, 2025 05:19:01 AM","22 Dec, 2025 05:19:01 AM",,"CVE-2025-9232, CVE-2025-9230"
ec8df0718e16d805d53ae12bc4afe22267c61958,vmazwevdd13-1,Windows11,c:\users\kadirsultansu\appdata\local\microsoft\onedrive\25.224.1116.0003\libcrypto-3-x64.dll,openssl,openssl,3.4.1.0,"22 Dec, 2025 05:19:01 AM","22 Dec, 2025 05:19:01 AM",,"CVE-2025-9232, CVE-2025-9231, CVE-2025-9230"
ec8df0718e16d805d53ae12bc4afe22267c61958,vmazwevdd13-1,Windows11,c:\users\kadirsultansu\appdata\local\microsoft\onedrive\25.224.1116.0003\libssl-3-x64.dll,openssl,openssl,3.4.1.0,"22 Dec, 2025 05:19:01 AM","22 Dec, 2025 05:19:01 AM",,"CVE-2025-9232, CVE-2025-9231, CVE-2025-9230"
ec8df0718e16d805d53ae12bc4afe22267c61958,vmazwevdd13-1,Windows11,c:\users\canberkkaraca\appdata\local\microsoft\onedrive\25.224.1116.0003_1\libcrypto-3-x64.dll,openssl,openssl,3.4.1.0,"22 Dec, 2025 05:19:01 AM","22 Dec, 2025 05:19:01 AM",,"CVE-2025-9232, CVE-2025-9231, CVE-2025-9230"
ec8df0718e16d805d53ae12bc4afe22267c61958,vmazwevdd13-1,Windows11,c:\users\canberkkaraca\appdata\local\microsoft\onedrive\25.224.1116.0003_1\libssl-3-x64.dll,openssl,openssl,3.4.1.0,"22 Dec, 2025 05:19:01 AM","22 Dec, 2025 05:19:01 AM",,"CVE-2025-9232, CVE-2025-9231, CVE-2025-9230"
ec8df0718e16d805d53ae12bc4afe22267c61958,vmazwevdd13-1,Windows11,c:\program files\windowsapps\microsoft.windows.photos_2025.11120.5001.0_x64__8wekyb3d8bbwe\libcrypto-3-x64.dll,openssl,openssl,3.3.3.0,"22 Dec, 2025 05:19:01 AM","22 Dec, 2025 05:19:01 AM",,"CVE-2025-9232, CVE-2025-9231, CVE-2025-9230"
b3bf8be16dc36197d1b4bd5cfed7c0bc9dac839b,huawei,Windows11,c:\program files\huawei\basicservice\libcrypto-1_1-x64.dll,openssl,openssl,3.0.9.0,"26 Dec, 2025 11:01:18 AM","26 Dec, 2025 11:01:18 AM",,"CVE-2025-9230, CVE-2024-9143, CVE-2024-6119, CVE-2024-5535, CVE-2024-4741, CVE-2024-4603, CVE-2024-2511, CVE-2024-13176, CVE-2024-0727, CVE-2023-6237, CVE-2023-5678, CVE-2023-5363, CVE-2023-4807, CVE-2023-3817"
b3bf8be16dc36197d1b4bd5cfed7c0bc9dac839b,huawei,Windows11,c:\program files\huawei\basicservice\libcrypto-3-x64.dll,openssl,openssl,3.0.9.0,"26 Dec, 2025 11:01:18 AM","26 Dec, 2025 11:01:18 AM",,"CVE-2025-9230, CVE-2024-9143, CVE-2024-6119, CVE-2024-5535, CVE-2024-4741, CVE-2024-4603, CVE-2024-2511, CVE-2024-13176, CVE-2024-0727, CVE-2023-6237, CVE-2023-5678, CVE-2023-5363, CVE-2023-4807, CVE-2023-3817"
b3bf8be16dc36197d1b4bd5cfed7c0bc9dac839b,huawei,Windows11,c:\program files\huawei\basicservice\libssl-1_1-x64.dll,openssl,openssl,3.0.9.0,"26 Dec, 2025 11:01:18 AM","26 Dec, 2025 11:01:18 AM",,"CVE-2025-9230, CVE-2024-9143, CVE-2024-6119, CVE-2024-5535, CVE-2024-4741, CVE-2024-4603, CVE-2024-2511, CVE-2024-13176, CVE-2024-0727, CVE-2023-6237, CVE-2023-5678, CVE-2023-5363, CVE-2023-4807, CVE-2023-3817"
b3bf8be16dc36197d1b4bd5cfed7c0bc9dac839b,huawei,Windows11,c:\program files\huawei\basicservice\libssl-3-x64.dll,openssl,openssl,3.0.9.0,"26 Dec, 2025 11:01:18 AM","26 Dec, 2025 11:01:18 AM",,"CVE-2025-9230, CVE-2024-9143, CVE-2024-6119, CVE-2024-5535, CVE-2024-4741, CVE-2024-4603, CVE-2024-2511, CVE-2024-13176, CVE-2024-0727, CVE-2023-6237, CVE-2023-5678, CVE-2023-5363, CVE-2023-4807, CVE-2023-3817"
b3bf8be16dc36197d1b4bd5cfed7c0bc9dac839b,huawei,Windows11,c:\program files\huawei\hiview\libcrypto-3-x64.dll,openssl,openssl,3.0.9.0,"26 Dec, 2025 11:01:18 AM","26 Dec, 2025 11:01:18 AM",,"CVE-2025-9230, CVE-2024-9143, CVE-2024-6119, CVE-2024-5535, CVE-2024-4741, CVE-2024-4603, CVE-2024-2511, CVE-2024-13176, CVE-2024-0727, CVE-2023-6237, CVE-2023-5678, CVE-2023-5363, CVE-2023-4807, CVE-2023-3817"
b3bf8be16dc36197d1b4bd5cfed7c0bc9dac839b,huawei,Windows11,c:\program files\huawei\hiview\libssl-3-x64.dll,openssl,openssl,3.0.9.0,"26 Dec, 2025 11:01:18 AM","26 Dec, 2025 11:01:18 AM",,"CVE-2025-9230, CVE-2024-9143, CVE-2024-6119, CVE-2024-5535, CVE-2024-4741, CVE-2024-4603, CVE-2024-2511, CVE-2024-13176, CVE-2024-0727, CVE-2023-6237, CVE-2023-5678, CVE-2023-5363, CVE-2023-4807, CVE-2023-3817"
b3bf8be16dc36197d1b4bd5cfed7c0bc9dac839b,huawei,Windows11,c:\program files\huawei\hwlcdenhancement\libcrypto-1_1-x64.dll,openssl,openssl,3.0.9.0,"26 Dec, 2025 11:01:18 AM","26 Dec, 2025 11:01:18 AM",,"CVE-2025-9230, CVE-2024-9143, CVE-2024-6119, CVE-2024-5535, CVE-2024-4741, CVE-2024-4603, CVE-2024-2511, CVE-2024-13176, CVE-2024-0727, CVE-2023-6237, CVE-2023-5678, CVE-2023-5363, CVE-2023-4807, CVE-2023-3817"
b3bf8be16dc36197d1b4bd5cfed7c0bc9dac839b,huawei,Windows11,c:\program files\huawei\hwlcdenhancement\libcrypto-3-x64.dll,openssl,openssl,3.0.9.0,"26 Dec, 2025 11:01:18 AM","26 Dec, 2025 11:01:18 AM",,"CVE-2025-9230, CVE-2024-9143, CVE-2024-6119, CVE-2024-5535, CVE-2024-4741, CVE-2024-4603, CVE-2024-2511, CVE-2024-13176, CVE-2024-0727, CVE-2023-6237, CVE-2023-5678, CVE-2023-5363, CVE-2023-4807, CVE-2023-3817"
b3bf8be16dc36197d1b4bd5cfed7c0bc9dac839b,huawei,Windows11,c:\program files\huawei\pcmanager\libcrypto-1_1-x64.dll,openssl,openssl,3.0.9.0,"26 Dec, 2025 11:01:18 AM","26 Dec, 2025 11:01:18 AM",,"CVE-2025-9230, CVE-2024-9143, CVE-2024-6119, CVE-2024-5535, CVE-2024-4741, CVE-2024-4603, CVE-2024-2511, CVE-2024-13176, CVE-2024-0727, CVE-2023-6237, CVE-2023-5678, CVE-2023-5363, CVE-2023-4807, CVE-2023-3817"
b3bf8be16dc36197d1b4bd5cfed7c0bc9dac839b,huawei,Windows11,c:\program files\huawei\pcmanager\libcrypto-3-x64.dll,openssl,openssl,3.0.9.0,"26 Dec, 2025 11:01:18 AM","26 Dec, 2025 11:01:18 AM",,"CVE-2025-9230, CVE-2024-9143, CVE-2024-6119, CVE-2024-5535, CVE-2024-4741, CVE-2024-4603, CVE-2024-2511, CVE-2024-13176, CVE-2024-0727, CVE-2023-6237, CVE-2023-5678, CVE-2023-5363, CVE-2023-4807, CVE-2023-3817"
b3bf8be16dc36197d1b4bd5cfed7c0bc9dac839b,huawei,Windows11,c:\program files\huawei\pcmanager\libssl-1_1-x64.dll,openssl,openssl,3.0.9.0,"26 Dec, 2025 11:01:18 AM","26 Dec, 2025 11:01:18 AM",,"CVE-2025-9230, CVE-2024-9143, CVE-2024-6119, CVE-2024-5535, CVE-2024-4741, CVE-2024-4603, CVE-2024-2511, CVE-2024-13176, CVE-2024-0727, CVE-2023-6237, CVE-2023-5678, CVE-2023-5363, CVE-2023-4807, CVE-2023-3817"
b3bf8be16dc36197d1b4bd5cfed7c0bc9dac839b,huawei,Windows11,c:\program files\huawei\pcmanager\libssl-3-x64.dll,openssl,openssl,3.0.9.0,"26 Dec, 2025 11:01:18 AM","26 Dec, 2025 11:01:18 AM",,"CVE-2025-9230, CVE-2024-9143, CVE-2024-6119, CVE-2024-5535, CVE-2024-4741, CVE-2024-4603, CVE-2024-2511, CVE-2024-13176, CVE-2024-0727, CVE-2023-6237, CVE-2023-5678, CVE-2023-5363, CVE-2023-4807, CVE-2023-3817"
b3bf8be16dc36197d1b4bd5cfed7c0bc9dac839b,huawei,Windows11,c:\program files\huawei\cloud\crashreportmodel\libcrypto-3.dll,openssl,openssl,3.0.12.0,"26 Dec, 2025 11:01:18 AM","26 Dec, 2025 11:01:18 AM",,"CVE-2025-9230, CVE-2024-9143, CVE-2024-6119, CVE-2024-5535, CVE-2024-4741, CVE-2024-4603, CVE-2024-2511, CVE-2024-13176, CVE-2024-0727, CVE-2023-6237, CVE-2023-5678"
b3bf8be16dc36197d1b4bd5cfed7c0bc9dac839b,huawei,Windows11,c:\program files\huawei\cloud\crashreportmodel\libssl-3.dll,openssl,openssl,3.0.12.0,"26 Dec, 2025 11:01:18 AM","26 Dec, 2025 11:01:18 AM",,"CVE-2025-9230, CVE-2024-9143, CVE-2024-6119, CVE-2024-5535, CVE-2024-4741, CVE-2024-4603, CVE-2024-2511, CVE-2024-13176, CVE-2024-0727, CVE-2023-6237, CVE-2023-5678"
b3bf8be16dc36197d1b4bd5cfed7c0bc9dac839b,huawei,Windows11,c:\program files\huawei\cloud\huaweisyncfile\libcrypto-3-x64.dll,openssl,openssl,3.0.12.0,"26 Dec, 2025 11:01:18 AM","26 Dec, 2025 11:01:18 AM",,"CVE-2025-9230, CVE-2024-9143, CVE-2024-6119, CVE-2024-5535, CVE-2024-4741, CVE-2024-4603, CVE-2024-2511, CVE-2024-13176, CVE-2024-0727, CVE-2023-6237, CVE-2023-5678"
b3bf8be16dc36197d1b4bd5cfed7c0bc9dac839b,huawei,Windows11,c:\program files\huawei\cloud\huaweisyncfile\libssl-3-x64.dll,openssl,openssl,3.0.12.0,"26 Dec, 2025 11:01:18 AM","26 Dec, 2025 11:01:18 AM",,"CVE-2025-9230, CVE-2024-9143, CVE-2024-6119, CVE-2024-5535, CVE-2024-4741, CVE-2024-4603, CVE-2024-2511, CVE-2024-13176, CVE-2024-0727, CVE-2023-6237, CVE-2023-5678"
b3bf8be16dc36197d1b4bd5cfed7c0bc9dac839b,huawei,Windows11,c:\program files\huawei\cloud\libcrypto-3-x64.dll,openssl,openssl,3.0.12.0,"26 Dec, 2025 11:01:18 AM","26 Dec, 2025 11:01:18 AM",,"CVE-2025-9230, CVE-2024-9143, CVE-2024-6119, CVE-2024-5535, CVE-2024-4741, CVE-2024-4603, CVE-2024-2511, CVE-2024-13176, CVE-2024-0727, CVE-2023-6237, CVE-2023-5678"
b3bf8be16dc36197d1b4bd5cfed7c0bc9dac839b,huawei,Windows11,c:\program files\huawei\cloud\libssl-3-x64.dll,openssl,openssl,3.0.12.0,"26 Dec, 2025 11:01:18 AM","26 Dec, 2025 11:01:18 AM",,"CVE-2025-9230, CVE-2024-9143, CVE-2024-6119, CVE-2024-5535, CVE-2024-4741, CVE-2024-4603, CVE-2024-2511, CVE-2024-13176, CVE-2024-0727, CVE-2023-6237, CVE-2023-5678"
b3bf8be16dc36197d1b4bd5cfed7c0bc9dac839b,huawei,Windows11,c:\program files\huawei\cloud\syncservice\libcrypto-3-x64.dll,openssl,openssl,3.0.12.0,"26 Dec, 2025 11:01:18 AM","26 Dec, 2025 11:01:18 AM",,"CVE-2025-9230, CVE-2024-9143, CVE-2024-6119, CVE-2024-5535, CVE-2024-4741, CVE-2024-4603, CVE-2024-2511, CVE-2024-13176, CVE-2024-0727, CVE-2023-6237, CVE-2023-5678"
b3bf8be16dc36197d1b4bd5cfed7c0bc9dac839b,huawei,Windows11,c:\program files\huawei\cloud\syncservice\libssl-3-x64.dll,openssl,openssl,3.0.12.0,"26 Dec, 2025 11:01:18 AM","26 Dec, 2025 11:01:18 AM",,"CVE-2025-9230, CVE-2024-9143, CVE-2024-6119, CVE-2024-5535, CVE-2024-4741, CVE-2024-4603, CVE-2024-2511, CVE-2024-13176, CVE-2024-0727, CVE-2023-6237, CVE-2023-5678"
b3bf8be16dc36197d1b4bd5cfed7c0bc9dac839b,huawei,Windows11,c:\windows\system32\driverstore\filerepository\iclsclient.inf_amd64_fc84dfa25a6a7727\lib\libcrypto-3-x64.dll,openssl,openssl,3.0.12.0,"26 Dec, 2025 11:01:18 AM","26 Dec, 2025 11:01:18 AM",,"CVE-2025-9230, CVE-2024-9143, CVE-2024-6119, CVE-2024-5535, CVE-2024-4741, CVE-2024-4603, CVE-2024-2511, CVE-2024-13176, CVE-2024-0727, CVE-2023-6237, CVE-2023-5678"
b3bf8be16dc36197d1b4bd5cfed7c0bc9dac839b,huawei,Windows11,c:\windows\system32\driverstore\filerepository\iclsclient.inf_amd64_fc84dfa25a6a7727\lib\libssl-3-x64.dll,openssl,openssl,3.0.12.0,"26 Dec, 2025 11:01:18 AM","26 Dec, 2025 11:01:18 AM",,"CVE-2025-9230, CVE-2024-9143, CVE-2024-6119, CVE-2024-5535, CVE-2024-4741, CVE-2024-4603, CVE-2024-2511, CVE-2024-13176, CVE-2024-0727, CVE-2023-6237, CVE-2023-5678"
b3bf8be16dc36197d1b4bd5cfed7c0bc9dac839b,huawei,Windows11,c:\program files\huawei\wucs\libcrypto-3-x64.dll,openssl,openssl,3.0.14.0,"26 Dec, 2025 11:01:18 AM","26 Dec, 2025 11:01:18 AM",,"CVE-2025-9230, CVE-2024-9143, CVE-2024-6119, CVE-2024-5535, CVE-2024-13176"
b3bf8be16dc36197d1b4bd5cfed7c0bc9dac839b,huawei,Windows11,c:\program files\huawei\wucs\libssl-3-x64.dll,openssl,openssl,3.0.14.0,"26 Dec, 2025 11:01:18 AM","26 Dec, 2025 11:01:18 AM",,"CVE-2025-9230, CVE-2024-9143, CVE-2024-6119, CVE-2024-5535, CVE-2024-13176"
b3bf8be16dc36197d1b4bd5cfed7c0bc9dac839b,huawei,Windows11,c:\program files\microsoft office\root\office16\libcrypto-3-x64.dll,openssl,openssl,3.5.2.0,"26 Dec, 2025 11:01:18 AM","26 Dec, 2025 11:01:18 AM",,"CVE-2025-9232, CVE-2025-9231, CVE-2025-9230"
b3bf8be16dc36197d1b4bd5cfed7c0bc9dac839b,huawei,Windows11,c:\program files\windowsapps\microsoft.microsoftofficehub_19.2512.53121.0_x64__8wekyb3d8bbwe\libcrypto-3-x64.dll,openssl,openssl,3.5.2.0,"26 Dec, 2025 11:01:18 AM","26 Dec, 2025 11:01:18 AM",,"CVE-2025-9232, CVE-2025-9231, CVE-2025-9230"
b3bf8be16dc36197d1b4bd5cfed7c0bc9dac839b,huawei,Windows11,c:\program files\windowsapps\microsoft.microsoftofficehub_19.2512.53121.0_x64__8wekyb3d8bbwe\libssl-3-x64.dll,openssl,openssl,3.5.2.0,"26 Dec, 2025 11:01:18 AM","26 Dec, 2025 11:01:18 AM",,"CVE-2025-9232, CVE-2025-9231, CVE-2025-9230"
b3bf8be16dc36197d1b4bd5cfed7c0bc9dac839b,huawei,Windows11,c:\program files\windowsapps\microsoft.microsoftofficehub_19.2512.52151.0_x64__8wekyb3d8bbwe\libcrypto-3-x64.dll,openssl,openssl,3.5.2.0,"25 Dec, 2025 01:53:14 PM","25 Dec, 2025 01:53:14 PM",,"CVE-2025-9232, CVE-2025-9231, CVE-2025-9230"
b3bf8be16dc36197d1b4bd5cfed7c0bc9dac839b,huawei,Windows11,c:\program files\windowsapps\microsoft.microsoftofficehub_19.2512.52151.0_x64__8wekyb3d8bbwe\libssl-3-x64.dll,openssl,openssl,3.5.2.0,"25 Dec, 2025 01:53:14 PM","25 Dec, 2025 01:53:14 PM",,"CVE-2025-9232, CVE-2025-9231, CVE-2025-9230"
b3bf8be16dc36197d1b4bd5cfed7c0bc9dac839b,huawei,Windows11,c:\program files\windowsapps\microsoft.microsoftofficehub_19.2512.49061.0_x64__8wekyb3d8bbwe\libcrypto-3-x64.dll,openssl,openssl,3.5.2.0,"24 Dec, 2025 02:51:18 PM","24 Dec, 2025 02:51:18 PM",,"CVE-2025-9232, CVE-2025-9231, CVE-2025-9230"
b3bf8be16dc36197d1b4bd5cfed7c0bc9dac839b,huawei,Windows11,c:\program files\windowsapps\microsoft.microsoftofficehub_19.2512.49061.0_x64__8wekyb3d8bbwe\libssl-3-x64.dll,openssl,openssl,3.5.2.0,"24 Dec, 2025 02:51:18 PM","24 Dec, 2025 02:51:18 PM",,"CVE-2025-9232, CVE-2025-9231, CVE-2025-9230"
b3bf8be16dc36197d1b4bd5cfed7c0bc9dac839b,huawei,Windows11,c:\program files\microsoft onedrive\25.224.1116.0003\libcrypto-3-x64.dll,openssl,openssl,3.4.1.0,"26 Dec, 2025 11:01:18 AM","26 Dec, 2025 11:01:18 AM",,"CVE-2025-9232, CVE-2025-9231, CVE-2025-9230"
b3bf8be16dc36197d1b4bd5cfed7c0bc9dac839b,huawei,Windows11,c:\program files\microsoft onedrive\25.224.1116.0003\libssl-3-x64.dll,openssl,openssl,3.4.1.0,"26 Dec, 2025 11:01:18 AM","26 Dec, 2025 11:01:18 AM",,"CVE-2025-9232, CVE-2025-9231, CVE-2025-9230"
b3bf8be16dc36197d1b4bd5cfed7c0bc9dac839b,huawei,Windows11,c:\program files\windowsapps\microsoft.windows.photos_2025.11120.5001.0_x64__8wekyb3d8bbwe\libcrypto-3-x64.dll,openssl,openssl,3.3.3.0,"26 Dec, 2025 11:01:18 AM","26 Dec, 2025 11:01:18 AM",,"CVE-2025-9232, CVE-2025-9231, CVE-2025-9230"
b3bf8be16dc36197d1b4bd5cfed7c0bc9dac839b,huawei,Windows11,c:\users\perihanaksak\appdata\roaming\zoom\bin\libcrypto-3-zm.dll,openssl,openssl,3.4.2.0,"26 Dec, 2025 11:01:18 AM","26 Dec, 2025 11:01:18 AM",,"CVE-2025-9232, CVE-2025-9231, CVE-2025-9230"
b3bf8be16dc36197d1b4bd5cfed7c0bc9dac839b,huawei,Windows11,c:\users\perihanaksak\appdata\roaming\zoom\bin\libssl-3-zm.dll,openssl,openssl,3.4.2.0,"26 Dec, 2025 11:01:18 AM","26 Dec, 2025 11:01:18 AM",,"CVE-2025-9232, CVE-2025-9231, CVE-2025-9230"
d7f1103c6b54135dedc53118d0d3fedaee0f87ba,dbcolak,Windows11,c:\program files\microsoft office\root\office16\libcrypto-3-x64.dll,openssl,openssl,3.5.2.0,"23 Dec, 2025 12:54:21 PM","23 Dec, 2025 12:54:21 PM",,"CVE-2025-9232, CVE-2025-9231, CVE-2025-9230"
d7f1103c6b54135dedc53118d0d3fedaee0f87ba,dbcolak,Windows11,c:\program files\microsoft office\updates\download\packagefiles\1d7d2e8f-9d80-4492-8753-ab1854dc3d00\root\office16\libcrypto-3-x64.dll,openssl,openssl,3.5.2.0,"23 Dec, 2025 12:54:21 PM","23 Dec, 2025 12:54:21 PM",,"CVE-2025-9232, CVE-2025-9231, CVE-2025-9230"
d7f1103c6b54135dedc53118d0d3fedaee0f87ba,dbcolak,Windows11,c:\program files\windowsapps\microsoft.microsoftofficehub_19.2512.49061.0_x64__8wekyb3d8bbwe\libcrypto-3-x64.dll,openssl,openssl,3.5.2.0,"23 Dec, 2025 12:54:21 PM","23 Dec, 2025 12:54:21 PM",,"CVE-2025-9232, CVE-2025-9231, CVE-2025-9230"
d7f1103c6b54135dedc53118d0d3fedaee0f87ba,dbcolak,Windows11,c:\program files\windowsapps\microsoft.microsoftofficehub_19.2512.49061.0_x64__8wekyb3d8bbwe\libssl-3-x64.dll,openssl,openssl,3.5.2.0,"23 Dec, 2025 12:54:21 PM","23 Dec, 2025 12:54:21 PM",,"CVE-2025-9232, CVE-2025-9231, CVE-2025-9230"
d7f1103c6b54135dedc53118d0d3fedaee0f87ba,dbcolak,Windows11,c:\program files\microsoft onedrive\25.224.1116.0003\libcrypto-3-x64.dll,openssl,openssl,3.4.1.0,"23 Dec, 2025 12:54:21 PM","23 Dec, 2025 12:54:21 PM",,"CVE-2025-9232, CVE-2025-9231, CVE-2025-9230"
d7f1103c6b54135dedc53118d0d3fedaee0f87ba,dbcolak,Windows11,c:\program files\microsoft onedrive\25.224.1116.0003\libssl-3-x64.dll,openssl,openssl,3.4.1.0,"23 Dec, 2025 12:54:21 PM","23 Dec, 2025 12:54:21 PM",,"CVE-2025-9232, CVE-2025-9231, CVE-2025-9230"
d7f1103c6b54135dedc53118d0d3fedaee0f87ba,dbcolak,Windows11,c:\program files\windowsapps\microsoft.windows.photos_2025.11120.5001.0_x64__8wekyb3d8bbwe\libcrypto-3-x64.dll,openssl,openssl,3.3.3.0,"23 Dec, 2025 12:54:21 PM","23 Dec, 2025 12:54:21 PM",,"CVE-2025-9232, CVE-2025-9231, CVE-2025-9230"
d7f1103c6b54135dedc53118d0d3fedaee0f87ba,dbcolak,Windows11,c:\users\dilarabuseçolak\appdata\roaming\zoom\bin\libcrypto-3-zm.dll,openssl,openssl,3.4.2.0,"23 Dec, 2025 12:54:21 PM","23 Dec, 2025 12:54:21 PM",,"CVE-2025-9232, CVE-2025-9231, CVE-2025-9230"
d7f1103c6b54135dedc53118d0d3fedaee0f87ba,dbcolak,Windows11,c:\users\dilarabuseçolak\appdata\roaming\zoom\bin\libssl-3-zm.dll,openssl,openssl,3.4.2.0,"23 Dec, 2025 12:54:21 PM","23 Dec, 2025 12:54:21 PM",,"CVE-2025-9232, CVE-2025-9231, CVE-2025-9230"
4ed1cd2aeb0de208dba0f39e3dcfa14f85bf6d97,cpc-isaka-gub3x,Windows11,c:\program files\microsoft visual studio\2022\community\common7\ide\commonextensions\microsoft\teamfoundation\team explorer\git\mingw64\bin\libcrypto-3-x64.dll,openssl,openssl,3.2.1.0,"26 Dec, 2025 11:39:08 PM","26 Dec, 2025 11:39:08 PM",,"CVE-2025-9231, CVE-2025-9230, CVE-2024-9143, CVE-2024-6119, CVE-2024-5535, CVE-2024-4741, CVE-2024-4603, CVE-2024-2511, CVE-2024-13176, CVE-2024-12797"
4ed1cd2aeb0de208dba0f39e3dcfa14f85bf6d97,cpc-isaka-gub3x,Windows11,c:\program files\microsoft visual studio\2022\community\common7\ide\commonextensions\microsoft\teamfoundation\team explorer\git\mingw64\bin\libssl-3-x64.dll,openssl,openssl,3.2.1.0,"26 Dec, 2025 11:39:08 PM","26 Dec, 2025 11:39:08 PM",,"CVE-2025-9231, CVE-2025-9230, CVE-2024-9143, CVE-2024-6119, CVE-2024-5535, CVE-2024-4741, CVE-2024-4603, CVE-2024-2511, CVE-2024-13176, CVE-2024-12797"
4ed1cd2aeb0de208dba0f39e3dcfa14f85bf6d97,cpc-isaka-gub3x,Windows11,c:\program files\fortinet\forticlient\libcrypto-3-x64.dll,openssl,openssl,3.1.7.0,"26 Dec, 2025 11:39:08 PM","26 Dec, 2025 11:39:08 PM",,"CVE-2024-9143, CVE-2024-13176"
4ed1cd2aeb0de208dba0f39e3dcfa14f85bf6d97,cpc-isaka-gub3x,Windows11,c:\program files\fortinet\forticlient\libssl-3-x64.dll,openssl,openssl,3.1.7.0,"26 Dec, 2025 11:39:08 PM","26 Dec, 2025 11:39:08 PM",,"CVE-2024-9143, CVE-2024-13176"
4ed1cd2aeb0de208dba0f39e3dcfa14f85bf6d97,cpc-isaka-gub3x,Windows11,c:\program files\fortinet\forticlient\x86\libcrypto-3.dll,openssl,openssl,3.1.7.0,"26 Dec, 2025 11:39:08 PM","26 Dec, 2025 11:39:08 PM",,"CVE-2024-9143, CVE-2024-13176"
4ed1cd2aeb0de208dba0f39e3dcfa14f85bf6d97,cpc-isaka-gub3x,Windows11,c:\program files\fortinet\forticlient\x86\libssl-3.dll,openssl,openssl,3.1.7.0,"26 Dec, 2025 11:39:08 PM","26 Dec, 2025 11:39:08 PM",,"CVE-2024-9143, CVE-2024-13176"
4ed1cd2aeb0de208dba0f39e3dcfa14f85bf6d97,cpc-isaka-gub3x,Windows11,c:\program files\microsoft office\root\office16\libcrypto-3-x64.dll,openssl,openssl,3.5.2.0,"26 Dec, 2025 11:39:08 PM","26 Dec, 2025 11:39:08 PM",,"CVE-2025-9232, CVE-2025-9231, CVE-2025-9230"
4ed1cd2aeb0de208dba0f39e3dcfa14f85bf6d97,cpc-isaka-gub3x,Windows11,c:\users\isakarakus\appdata\roaming\pulse secure\host checker\libcrypto-3.dll,openssl,openssl,3.3.0.0,"26 Dec, 2025 11:39:08 PM","26 Dec, 2025 11:39:08 PM",,"CVE-2025-9231, CVE-2025-9230, CVE-2024-9143, CVE-2024-6119, CVE-2024-5535, CVE-2024-4741, CVE-2024-4603, CVE-2024-13176, CVE-2024-12797"
4ed1cd2aeb0de208dba0f39e3dcfa14f85bf6d97,cpc-isaka-gub3x,Windows11,c:\users\isakarakus\appdata\roaming\pulse secure\host checker\libssl-3.dll,openssl,openssl,3.3.0.0,"26 Dec, 2025 11:39:08 PM","26 Dec, 2025 11:39:08 PM",,"CVE-2025-9231, CVE-2025-9230, CVE-2024-9143, CVE-2024-6119, CVE-2024-5535, CVE-2024-4741, CVE-2024-4603, CVE-2024-13176, CVE-2024-12797"
4ed1cd2aeb0de208dba0f39e3dcfa14f85bf6d97,cpc-isaka-gub3x,Windows11,c:\users\isakarakus\appdata\roaming\pulse secure\psal\libcrypto-3.dll,openssl,openssl,3.3.0.0,"26 Dec, 2025 11:39:08 PM","26 Dec, 2025 11:39:08 PM",,"CVE-2025-9231, CVE-2025-9230, CVE-2024-9143, CVE-2024-6119, CVE-2024-5535, CVE-2024-4741, CVE-2024-4603, CVE-2024-13176, CVE-2024-12797"
4ed1cd2aeb0de208dba0f39e3dcfa14f85bf6d97,cpc-isaka-gub3x,Windows11,c:\users\isakarakus\appdata\roaming\pulse secure\psal\libssl-3.dll,openssl,openssl,3.3.0.0,"26 Dec, 2025 11:39:08 PM","26 Dec, 2025 11:39:08 PM",,"CVE-2025-9231, CVE-2025-9230, CVE-2024-9143, CVE-2024-6119, CVE-2024-5535, CVE-2024-4741, CVE-2024-4603, CVE-2024-13176, CVE-2024-12797"
4ed1cd2aeb0de208dba0f39e3dcfa14f85bf6d97,cpc-isaka-gub3x,Windows11,c:\users\isakarakus\appdata\roaming\pulse secure\psal\x64\libcrypto-3-x64.dll,openssl,openssl,3.3.0.0,"26 Dec, 2025 11:39:08 PM","26 Dec, 2025 11:39:08 PM",,"CVE-2025-9231, CVE-2025-9230, CVE-2024-9143, CVE-2024-6119, CVE-2024-5535, CVE-2024-4741, CVE-2024-4603, CVE-2024-13176, CVE-2024-12797"
4ed1cd2aeb0de208dba0f39e3dcfa14f85bf6d97,cpc-isaka-gub3x,Windows11,c:\users\isakarakus\appdata\roaming\pulse secure\psal\x64\libssl-3-x64.dll,openssl,openssl,3.3.0.0,"26 Dec, 2025 11:39:08 PM","26 Dec, 2025 11:39:08 PM",,"CVE-2025-9231, CVE-2025-9230, CVE-2024-9143, CVE-2024-6119, CVE-2024-5535, CVE-2024-4741, CVE-2024-4603, CVE-2024-13176, CVE-2024-12797"
4ed1cd2aeb0de208dba0f39e3dcfa14f85bf6d97,cpc-isaka-gub3x,Windows11,c:\users\isakarakus\appdata\roaming\pulse secure\psal\x86\libcrypto-3.dll,openssl,openssl,3.3.0.0,"26 Dec, 2025 11:39:08 PM","26 Dec, 2025 11:39:08 PM",,"CVE-2025-9231, CVE-2025-9230, CVE-2024-9143, CVE-2024-6119, CVE-2024-5535, CVE-2024-4741, CVE-2024-4603, CVE-2024-13176, CVE-2024-12797"
4ed1cd2aeb0de208dba0f39e3dcfa14f85bf6d97,cpc-isaka-gub3x,Windows11,c:\users\isakarakus\appdata\roaming\pulse secure\psal\x86\libssl-3.dll,openssl,openssl,3.3.0.0,"26 Dec, 2025 11:39:08 PM","26 Dec, 2025 11:39:08 PM",,"CVE-2025-9231, CVE-2025-9230, CVE-2024-9143, CVE-2024-6119, CVE-2024-5535, CVE-2024-4741, CVE-2024-4603, CVE-2024-13176, CVE-2024-12797"
4ed1cd2aeb0de208dba0f39e3dcfa14f85bf6d97,cpc-isaka-gub3x,Windows11,c:\users\isakarakus\appdata\roaming\pulse secure\setup client\libcrypto-3.dll,openssl,openssl,3.3.0.0,"26 Dec, 2025 11:39:08 PM","26 Dec, 2025 11:39:08 PM",,"CVE-2025-9231, CVE-2025-9230, CVE-2024-9143, CVE-2024-6119, CVE-2024-5535, CVE-2024-4741, CVE-2024-4603, CVE-2024-13176, CVE-2024-12797"
4ed1cd2aeb0de208dba0f39e3dcfa14f85bf6d97,cpc-isaka-gub3x,Windows11,c:\users\isakarakus\appdata\roaming\pulse secure\setup client\libssl-3.dll,openssl,openssl,3.3.0.0,"26 Dec, 2025 11:39:08 PM","26 Dec, 2025 11:39:08 PM",,"CVE-2025-9231, CVE-2025-9230, CVE-2024-9143, CVE-2024-6119, CVE-2024-5535, CVE-2024-4741, CVE-2024-4603, CVE-2024-13176, CVE-2024-12797"
f264595aa9b66ef5440e616353322fc379f8efba,vmazwevdd16-0,Windows11,c:\program files\mysql\mysql workbench 8.0 ce\libcrypto-3-x64.dll,openssl,openssl,3.0.17.0,"26 Dec, 2025 11:03:11 PM","26 Dec, 2025 11:03:11 PM",,"CVE-2025-9232, CVE-2025-9230"
f264595aa9b66ef5440e616353322fc379f8efba,vmazwevdd16-0,Windows11,c:\program files\mysql\mysql workbench 8.0 ce\libssl-3-x64.dll,openssl,openssl,3.0.17.0,"26 Dec, 2025 11:03:11 PM","26 Dec, 2025 11:03:11 PM",,"CVE-2025-9232, CVE-2025-9230"
f264595aa9b66ef5440e616353322fc379f8efba,vmazwevdd16-0,Windows11,c:\program files\pgadmin 4\runtime\libcrypto-3-x64.dll,openssl,openssl,3.0.17.0,"26 Dec, 2025 11:03:11 PM","26 Dec, 2025 11:03:11 PM",,"CVE-2025-9232, CVE-2025-9230"
f264595aa9b66ef5440e616353322fc379f8efba,vmazwevdd16-0,Windows11,c:\program files\pgadmin 4\runtime\libssl-3-x64.dll,openssl,openssl,3.0.17.0,"26 Dec, 2025 11:03:11 PM","26 Dec, 2025 11:03:11 PM",,"CVE-2025-9232, CVE-2025-9230"
f264595aa9b66ef5440e616353322fc379f8efba,vmazwevdd16-0,Windows11,c:\program files\mysql\mysql workbench 8.0 ce\swb\router\bin\libcrypto-3-x64.dll,openssl,openssl,3.0.16.0,"26 Dec, 2025 11:03:11 PM","26 Dec, 2025 11:03:11 PM",,"CVE-2025-9232, CVE-2025-9230"
f264595aa9b66ef5440e616353322fc379f8efba,vmazwevdd16-0,Windows11,c:\program files\mysql\mysql workbench 8.0 ce\swb\router\bin\libssl-3-x64.dll,openssl,openssl,3.0.16.0,"26 Dec, 2025 11:03:11 PM","26 Dec, 2025 11:03:11 PM",,"CVE-2025-9232, CVE-2025-9230"
f264595aa9b66ef5440e616353322fc379f8efba,vmazwevdd16-0,Windows11,c:\program files\mysql\mysql workbench 8.0 ce\swb\shell\bin\libcrypto-3-x64.dll,openssl,openssl,3.0.16.0,"26 Dec, 2025 11:03:11 PM","26 Dec, 2025 11:03:11 PM",,"CVE-2025-9232, CVE-2025-9230"
f264595aa9b66ef5440e616353322fc379f8efba,vmazwevdd16-0,Windows11,c:\program files\mysql\mysql workbench 8.0 ce\swb\shell\bin\libssl-3-x64.dll,openssl,openssl,3.0.16.0,"26 Dec, 2025 11:03:11 PM","26 Dec, 2025 11:03:11 PM",,"CVE-2025-9232, CVE-2025-9230"
f264595aa9b66ef5440e616353322fc379f8efba,vmazwevdd16-0,Windows11,c:\program files\mysql\mysql workbench 8.0 ce\swb\shell\lib\python3.13\lib\venv\scripts\nt\libcrypto-3-x64.dll,openssl,openssl,3.0.16.0,"26 Dec, 2025 11:03:11 PM","26 Dec, 2025 11:03:11 PM",,"CVE-2025-9232, CVE-2025-9230"
f264595aa9b66ef5440e616353322fc379f8efba,vmazwevdd16-0,Windows11,c:\program files\mysql\mysql workbench 8.0 ce\swb\shell\lib\python3.13\lib\venv\scripts\nt\libssl-3-x64.dll,openssl,openssl,3.0.16.0,"26 Dec, 2025 11:03:11 PM","26 Dec, 2025 11:03:11 PM",,"CVE-2025-9232, CVE-2025-9230"
c52799557e88fdbec137beee376fa3337a6c14b5,kadir-hp,Windows11,c:\program files\microsoft office\root\office16\libcrypto-3-x64.dll,openssl,openssl,3.5.2.0,"25 Dec, 2025 03:05:23 PM","25 Dec, 2025 03:05:23 PM",,"CVE-2025-9232, CVE-2025-9231, CVE-2025-9230"
c52799557e88fdbec137beee376fa3337a6c14b5,kadir-hp,Windows11,c:\program files\windowsapps\microsoft.microsoftofficehub_19.2512.53121.0_x64__8wekyb3d8bbwe\libcrypto-3-x64.dll,openssl,openssl,3.5.2.0,"25 Dec, 2025 03:05:23 PM","25 Dec, 2025 03:05:23 PM",,"CVE-2025-9232, CVE-2025-9231, CVE-2025-9230"
c52799557e88fdbec137beee376fa3337a6c14b5,kadir-hp,Windows11,c:\program files\windowsapps\microsoft.microsoftofficehub_19.2512.53121.0_x64__8wekyb3d8bbwe\libssl-3-x64.dll,openssl,openssl,3.5.2.0,"25 Dec, 2025 03:05:23 PM","25 Dec, 2025 03:05:23 PM",,"CVE-2025-9232, CVE-2025-9231, CVE-2025-9230"
c52799557e88fdbec137beee376fa3337a6c14b5,kadir-hp,Windows11,c:\program files\microsoft onedrive\25.224.1116.0003\libcrypto-3-x64.dll,openssl,openssl,3.4.1.0,"25 Dec, 2025 03:05:23 PM","25 Dec, 2025 03:05:23 PM",,"CVE-2025-9232, CVE-2025-9231, CVE-2025-9230"
c52799557e88fdbec137beee376fa3337a6c14b5,kadir-hp,Windows11,c:\program files\microsoft onedrive\25.224.1116.0003\libssl-3-x64.dll,openssl,openssl,3.4.1.0,"25 Dec, 2025 03:05:23 PM","25 Dec, 2025 03:05:23 PM",,"CVE-2025-9232, CVE-2025-9231, CVE-2025-9230"
c52799557e88fdbec137beee376fa3337a6c14b5,kadir-hp,Windows11,c:\program files\windowsapps\microsoft.windows.photos_2025.11120.5001.0_x64__8wekyb3d8bbwe\libcrypto-3-x64.dll,openssl,openssl,3.3.3.0,"25 Dec, 2025 03:05:23 PM","25 Dec, 2025 03:05:23 PM",,"CVE-2025-9232, CVE-2025-9231, CVE-2025-9230"
b1ae15ae902f44f3ea37de38256acfa92dc22289,vmcmazwevdd-0,Windows11WVD,C:\Program Files (x86)\Common Files\Pulse Secure\JUNS\openssl.exe,openssl,openssl,3.3.0.0,"27 Dec, 2025 02:43:19 AM","27 Dec, 2025 02:43:19 AM",,"CVE-2025-9231, CVE-2025-9230, CVE-2024-9143, CVE-2024-6119, CVE-2024-5535, CVE-2024-4741, CVE-2024-4603, CVE-2024-13176, CVE-2024-12797"
b1ae15ae902f44f3ea37de38256acfa92dc22289,vmcmazwevdd-0,Windows11WVD,c:\program files (x86)\common files\pulse secure\jamui\libcrypto-3.dll,openssl,openssl,3.3.0.0,"26 Dec, 2025 11:58:30 PM","26 Dec, 2025 11:58:30 PM",,"CVE-2025-9231, CVE-2025-9230, CVE-2024-9143, CVE-2024-6119, CVE-2024-5535, CVE-2024-4741, CVE-2024-4603, CVE-2024-13176, CVE-2024-12797"
b1ae15ae902f44f3ea37de38256acfa92dc22289,vmcmazwevdd-0,Windows11WVD,c:\program files (x86)\common files\pulse secure\jamui\libcrypto-3-x64.dll,openssl,openssl,3.3.0.0,"26 Dec, 2025 11:58:30 PM","26 Dec, 2025 11:58:30 PM",,"CVE-2025-9231, CVE-2025-9230, CVE-2024-9143, CVE-2024-6119, CVE-2024-5535, CVE-2024-4741, CVE-2024-4603, CVE-2024-13176, CVE-2024-12797"
b1ae15ae902f44f3ea37de38256acfa92dc22289,vmcmazwevdd-0,Windows11WVD,c:\program files (x86)\common files\pulse secure\jamui\libssl-3.dll,openssl,openssl,3.3.0.0,"26 Dec, 2025 11:58:30 PM","26 Dec, 2025 11:58:30 PM",,"CVE-2025-9231, CVE-2025-9230, CVE-2024-9143, CVE-2024-6119, CVE-2024-5535, CVE-2024-4741, CVE-2024-4603, CVE-2024-13176, CVE-2024-12797"
b1ae15ae902f44f3ea37de38256acfa92dc22289,vmcmazwevdd-0,Windows11WVD,c:\program files (x86)\common files\pulse secure\juns\libcrypto-3.dll,openssl,openssl,3.3.0.0,"26 Dec, 2025 11:58:30 PM","26 Dec, 2025 11:58:30 PM",,"CVE-2025-9231, CVE-2025-9230, CVE-2024-9143, CVE-2024-6119, CVE-2024-5535, CVE-2024-4741, CVE-2024-4603, CVE-2024-13176, CVE-2024-12797"
b1ae15ae902f44f3ea37de38256acfa92dc22289,vmcmazwevdd-0,Windows11WVD,c:\program files (x86)\common files\pulse secure\juns\libssl-3.dll,openssl,openssl,3.3.0.0,"26 Dec, 2025 11:58:30 PM","26 Dec, 2025 11:58:30 PM",,"CVE-2025-9231, CVE-2025-9230, CVE-2024-9143, CVE-2024-6119, CVE-2024-5535, CVE-2024-4741, CVE-2024-4603, CVE-2024-13176, CVE-2024-12797"
b1ae15ae902f44f3ea37de38256acfa92dc22289,vmcmazwevdd-0,Windows11WVD,c:\program files (x86)\common files\pulse secure\tnc client plugin\libcrypto-3.dll,openssl,openssl,3.3.0.0,"26 Dec, 2025 11:58:30 PM","26 Dec, 2025 11:58:30 PM",,"CVE-2025-9231, CVE-2025-9230, CVE-2024-9143, CVE-2024-6119, CVE-2024-5535, CVE-2024-4741, CVE-2024-4603, CVE-2024-13176, CVE-2024-12797"
b1ae15ae902f44f3ea37de38256acfa92dc22289,vmcmazwevdd-0,Windows11WVD,c:\program files\windowsapps\pulsesecurereactapppkg_22.7.4.30859_x86__1zzf3a4dv2ntc\libcrypto-3.dll,openssl,openssl,3.3.0.0,"26 Dec, 2025 11:58:30 PM","26 Dec, 2025 11:58:30 PM",,"CVE-2025-9231, CVE-2025-9230, CVE-2024-9143, CVE-2024-6119, CVE-2024-5535, CVE-2024-4741, CVE-2024-4603, CVE-2024-13176, CVE-2024-12797"
b1ae15ae902f44f3ea37de38256acfa92dc22289,vmcmazwevdd-0,Windows11WVD,c:\program files\windowsapps\pulsesecurereactapppkg_22.7.4.30859_x86__1zzf3a4dv2ntc\libcrypto-3-x64.dll,openssl,openssl,3.3.0.0,"26 Dec, 2025 11:58:30 PM","26 Dec, 2025 11:58:30 PM",,"CVE-2025-9231, CVE-2025-9230, CVE-2024-9143, CVE-2024-6119, CVE-2024-5535, CVE-2024-4741, CVE-2024-4603, CVE-2024-13176, CVE-2024-12797"
b1ae15ae902f44f3ea37de38256acfa92dc22289,vmcmazwevdd-0,Windows11WVD,c:\program files\windowsapps\pulsesecurereactapppkg_22.7.4.30859_x86__1zzf3a4dv2ntc\libssl-3.dll,openssl,openssl,3.3.0.0,"26 Dec, 2025 11:58:30 PM","26 Dec, 2025 11:58:30 PM",,"CVE-2025-9231, CVE-2025-9230, CVE-2024-9143, CVE-2024-6119, CVE-2024-5535, CVE-2024-4741, CVE-2024-4603, CVE-2024-13176, CVE-2024-12797"
b1ae15ae902f44f3ea37de38256acfa92dc22289,vmcmazwevdd-0,Windows11WVD,c:\users\tolgaoy\appdata\roaming\pulse secure\setup client\libcrypto-3.dll,openssl,openssl,3.3.0.0,"26 Dec, 2025 11:58:30 PM","26 Dec, 2025 11:58:30 PM",,"CVE-2025-9231, CVE-2025-9230, CVE-2024-9143, CVE-2024-6119, CVE-2024-5535, CVE-2024-4741, CVE-2024-4603, CVE-2024-13176, CVE-2024-12797"
b1ae15ae902f44f3ea37de38256acfa92dc22289,vmcmazwevdd-0,Windows11WVD,c:\users\tolgaoy\appdata\roaming\pulse secure\setup client\libssl-3.dll,openssl,openssl,3.3.0.0,"26 Dec, 2025 11:58:30 PM","26 Dec, 2025 11:58:30 PM",,"CVE-2025-9231, CVE-2025-9230, CVE-2024-9143, CVE-2024-6119, CVE-2024-5535, CVE-2024-4741, CVE-2024-4603, CVE-2024-13176, CVE-2024-12797"
b1ae15ae902f44f3ea37de38256acfa92dc22289,vmcmazwevdd-0,Windows11WVD,c:\program files (x86)\microsoft sql server management studio 19\common7\ide\mashup\odbc drivers\simba spark odbc driver\libcurl32.dlla\openssl32.dlla\libcrypto-3.dll,openssl,openssl,3.0.8.0,"26 Dec, 2025 11:58:30 PM","26 Dec, 2025 11:58:30 PM",,"CVE-2025-9230, CVE-2024-9143, CVE-2024-6119, CVE-2024-5535, CVE-2024-4741, CVE-2024-4603, CVE-2024-2511, CVE-2024-13176, CVE-2024-0727, CVE-2023-6237, CVE-2023-5678, CVE-2023-5363, CVE-2023-4807, CVE-2023-3817, CVE-2023-2975, CVE-2023-2650, CVE-2023-1255, CVE-2023-0466, CVE-2023-0465, CVE-2023-0464"
b1ae15ae902f44f3ea37de38256acfa92dc22289,vmcmazwevdd-0,Windows11WVD,c:\program files (x86)\microsoft sql server management studio 19\common7\ide\mashup\odbc drivers\simba spark odbc driver\libcurl32.dlla\openssl32.dlla\libssl-3.dll,openssl,openssl,3.0.8.0,"26 Dec, 2025 11:58:30 PM","26 Dec, 2025 11:58:30 PM",,"CVE-2025-9230, CVE-2024-9143, CVE-2024-6119, CVE-2024-5535, CVE-2024-4741, CVE-2024-4603, CVE-2024-2511, CVE-2024-13176, CVE-2024-0727, CVE-2023-6237, CVE-2023-5678, CVE-2023-5363, CVE-2023-4807, CVE-2023-3817, CVE-2023-2975, CVE-2023-2650, CVE-2023-1255, CVE-2023-0466, CVE-2023-0465, CVE-2023-0464"
b1ae15ae902f44f3ea37de38256acfa92dc22289,vmcmazwevdd-0,Windows11WVD,c:\program files (x86)\microsoft sql server management studio 19\common7\ide\mashup\odbc drivers\simba spark odbc driver\openssl32.dlla\libcrypto-3.dll,openssl,openssl,3.0.8.0,"26 Dec, 2025 11:58:30 PM","26 Dec, 2025 11:58:30 PM",,"CVE-2025-9230, CVE-2024-9143, CVE-2024-6119, CVE-2024-5535, CVE-2024-4741, CVE-2024-4603, CVE-2024-2511, CVE-2024-13176, CVE-2024-0727, CVE-2023-6237, CVE-2023-5678, CVE-2023-5363, CVE-2023-4807, CVE-2023-3817, CVE-2023-2975, CVE-2023-2650, CVE-2023-1255, CVE-2023-0466, CVE-2023-0465, CVE-2023-0464"
b1ae15ae902f44f3ea37de38256acfa92dc22289,vmcmazwevdd-0,Windows11WVD,c:\program files (x86)\microsoft sql server management studio 19\common7\ide\mashup\odbc drivers\simba spark odbc driver\openssl32.dlla\libssl-3.dll,openssl,openssl,3.0.8.0,"26 Dec, 2025 11:58:30 PM","26 Dec, 2025 11:58:30 PM",,"CVE-2025-9230, CVE-2024-9143, CVE-2024-6119, CVE-2024-5535, CVE-2024-4741, CVE-2024-4603, CVE-2024-2511, CVE-2024-13176, CVE-2024-0727, CVE-2023-6237, CVE-2023-5678, CVE-2023-5363, CVE-2023-4807, CVE-2023-3817, CVE-2023-2975, CVE-2023-2650, CVE-2023-1255, CVE-2023-0466, CVE-2023-0465, CVE-2023-0464"
b1ae15ae902f44f3ea37de38256acfa92dc22289,vmcmazwevdd-0,Windows11WVD,c:\program files (x86)\nmap\libcrypto-3.dll,openssl,openssl,3.0.8.0,"26 Dec, 2025 11:58:30 PM","26 Dec, 2025 11:58:30 PM",,"CVE-2025-9230, CVE-2024-9143, CVE-2024-6119, CVE-2024-5535, CVE-2024-4741, CVE-2024-4603, CVE-2024-2511, CVE-2024-13176, CVE-2024-0727, CVE-2023-6237, CVE-2023-5678, CVE-2023-5363, CVE-2023-4807, CVE-2023-3817, CVE-2023-2975, CVE-2023-2650, CVE-2023-1255, CVE-2023-0466, CVE-2023-0465, CVE-2023-0464"
b1ae15ae902f44f3ea37de38256acfa92dc22289,vmcmazwevdd-0,Windows11WVD,c:\program files (x86)\nmap\libssl-3.dll,openssl,openssl,3.0.8.0,"26 Dec, 2025 11:58:30 PM","26 Dec, 2025 11:58:30 PM",,"CVE-2025-9230, CVE-2024-9143, CVE-2024-6119, CVE-2024-5535, CVE-2024-4741, CVE-2024-4603, CVE-2024-2511, CVE-2024-13176, CVE-2024-0727, CVE-2023-6237, CVE-2023-5678, CVE-2023-5363, CVE-2023-4807, CVE-2023-3817, CVE-2023-2975, CVE-2023-2650, CVE-2023-1255, CVE-2023-0466, CVE-2023-0465, CVE-2023-0464"
b1ae15ae902f44f3ea37de38256acfa92dc22289,vmcmazwevdd-0,Windows11WVD,c:\program files\git\mingw64\bin\libcrypto-3-x64.dll,openssl,openssl,3.2.1.0,"26 Dec, 2025 11:58:30 PM","26 Dec, 2025 11:58:30 PM",,"CVE-2025-9231, CVE-2025-9230, CVE-2024-9143, CVE-2024-6119, CVE-2024-5535, CVE-2024-4741, CVE-2024-4603, CVE-2024-2511, CVE-2024-13176, CVE-2024-12797"
b1ae15ae902f44f3ea37de38256acfa92dc22289,vmcmazwevdd-0,Windows11WVD,c:\program files\git\mingw64\bin\libssl-3-x64.dll,openssl,openssl,3.2.1.0,"26 Dec, 2025 11:58:30 PM","26 Dec, 2025 11:58:30 PM",,"CVE-2025-9231, CVE-2025-9230, CVE-2024-9143, CVE-2024-6119, CVE-2024-5535, CVE-2024-4741, CVE-2024-4603, CVE-2024-2511, CVE-2024-13176, CVE-2024-12797"
b1ae15ae902f44f3ea37de38256acfa92dc22289,vmcmazwevdd-0,Windows11WVD,c:\program files\microsoft office\root\office16\libcrypto-3-x64.dll,openssl,openssl,3.5.2.0,"26 Dec, 2025 11:58:30 PM","26 Dec, 2025 11:58:30 PM",,"CVE-2025-9232, CVE-2025-9231, CVE-2025-9230"
b1ae15ae902f44f3ea37de38256acfa92dc22289,vmcmazwevdd-0,Windows11WVD,c:\program files\windowsapps\microsoft.microsoftofficehub_19.2512.52151.0_x64__8wekyb3d8bbwe\libcrypto-3-x64.dll,openssl,openssl,3.5.2.0,"26 Dec, 2025 11:58:30 PM","26 Dec, 2025 11:58:30 PM",,"CVE-2025-9232, CVE-2025-9231, CVE-2025-9230"
b1ae15ae902f44f3ea37de38256acfa92dc22289,vmcmazwevdd-0,Windows11WVD,c:\program files\windowsapps\microsoft.microsoftofficehub_19.2512.52151.0_x64__8wekyb3d8bbwe\libssl-3-x64.dll,openssl,openssl,3.5.2.0,"26 Dec, 2025 11:58:30 PM","26 Dec, 2025 11:58:30 PM",,"CVE-2025-9232, CVE-2025-9231, CVE-2025-9230"
b1ae15ae902f44f3ea37de38256acfa92dc22289,vmcmazwevdd-0,Windows11WVD,c:\program files\microsoft office\updates\download\packagefiles\ce835d27-1230-45a5-aa0a-e9e87992b328\root\office16\libcrypto-3-x64.dll,openssl,openssl,3.5.2.0,"26 Dec, 2025 11:58:30 PM","26 Dec, 2025 11:58:30 PM",,"CVE-2025-9232, CVE-2025-9231, CVE-2025-9230"
b1ae15ae902f44f3ea37de38256acfa92dc22289,vmcmazwevdd-0,Windows11WVD,c:\program files\windowsapps\microsoft.microsoftofficehub_19.2512.53121.0_x64__8wekyb3d8bbwe\libcrypto-3-x64.dll,openssl,openssl,3.5.2.0,"26 Dec, 2025 11:58:30 PM","26 Dec, 2025 11:58:30 PM",,"CVE-2025-9232, CVE-2025-9231, CVE-2025-9230"
b1ae15ae902f44f3ea37de38256acfa92dc22289,vmcmazwevdd-0,Windows11WVD,c:\program files\windowsapps\microsoft.microsoftofficehub_19.2512.53121.0_x64__8wekyb3d8bbwe\libssl-3-x64.dll,openssl,openssl,3.5.2.0,"26 Dec, 2025 11:58:30 PM","26 Dec, 2025 11:58:30 PM",,"CVE-2025-9232, CVE-2025-9231, CVE-2025-9230"
b1ae15ae902f44f3ea37de38256acfa92dc22289,vmcmazwevdd-0,Windows11WVD,c:\program files\windowsapps\microsoft.microsoftofficehub_19.2512.49061.0_x64__8wekyb3d8bbwe\libcrypto-3-x64.dll,openssl,openssl,3.5.2.0,"26 Dec, 2025 02:58:29 AM","26 Dec, 2025 02:58:29 AM",,"CVE-2025-9232, CVE-2025-9231, CVE-2025-9230"
b1ae15ae902f44f3ea37de38256acfa92dc22289,vmcmazwevdd-0,Windows11WVD,c:\program files\windowsapps\microsoft.microsoftofficehub_19.2512.49061.0_x64__8wekyb3d8bbwe\libssl-3-x64.dll,openssl,openssl,3.5.2.0,"26 Dec, 2025 02:58:29 AM","26 Dec, 2025 02:58:29 AM",,"CVE-2025-9232, CVE-2025-9231, CVE-2025-9230"
b1ae15ae902f44f3ea37de38256acfa92dc22289,vmcmazwevdd-0,Windows11WVD,c:\program files\microsoft office\updates\download\packagefiles\e5b5ef74-89da-4d40-967c-e4545b7a370c\root\office16\libcrypto-3-x64.dll,openssl,openssl,3.5.2.0,"25 Dec, 2025 05:58:23 AM","25 Dec, 2025 05:58:23 AM",,"CVE-2025-9232, CVE-2025-9231, CVE-2025-9230"
b1ae15ae902f44f3ea37de38256acfa92dc22289,vmcmazwevdd-0,Windows11WVD,c:\program files\pgadmin 4\python\libcrypto-3.dll,openssl,openssl,3.0.13.0,"26 Dec, 2025 11:58:30 PM","26 Dec, 2025 11:58:30 PM",,"CVE-2025-9230, CVE-2024-9143, CVE-2024-6119, CVE-2024-5535, CVE-2024-4741, CVE-2024-4603, CVE-2024-2511, CVE-2024-13176"
b1ae15ae902f44f3ea37de38256acfa92dc22289,vmcmazwevdd-0,Windows11WVD,c:\program files\pgadmin 4\python\libssl-3.dll,openssl,openssl,3.0.13.0,"26 Dec, 2025 11:58:30 PM","26 Dec, 2025 11:58:30 PM",,"CVE-2025-9230, CVE-2024-9143, CVE-2024-6119, CVE-2024-5535, CVE-2024-4741, CVE-2024-4603, CVE-2024-2511, CVE-2024-13176"
b1ae15ae902f44f3ea37de38256acfa92dc22289,vmcmazwevdd-0,Windows11WVD,c:\program files\pgadmin 4\runtime\libcrypto-3-x64.dll,openssl,openssl,3.0.15.0,"26 Dec, 2025 11:58:30 PM","26 Dec, 2025 11:58:30 PM",,"CVE-2025-9230, CVE-2024-9143, CVE-2024-13176"
b1ae15ae902f44f3ea37de38256acfa92dc22289,vmcmazwevdd-0,Windows11WVD,c:\program files\pgadmin 4\runtime\libssl-3-x64.dll,openssl,openssl,3.0.15.0,"26 Dec, 2025 11:58:30 PM","26 Dec, 2025 11:58:30 PM",,"CVE-2025-9230, CVE-2024-9143, CVE-2024-13176"
b1ae15ae902f44f3ea37de38256acfa92dc22289,vmcmazwevdd-0,Windows11WVD,c:\program files\windowsapps\microsoft.windows.photos_2025.11110.18001.0_x64__8wekyb3d8bbwe\libcrypto-3-x64.dll,openssl,openssl,3.3.3.0,"26 Dec, 2025 11:58:30 PM","26 Dec, 2025 11:58:30 PM",,"CVE-2025-9232, CVE-2025-9231, CVE-2025-9230"
b1ae15ae902f44f3ea37de38256acfa92dc22289,vmcmazwevdd-0,Windows11WVD,c:\program files\windowsapps\microsoft.windows.photos_2025.11120.5001.0_x64__8wekyb3d8bbwe\libcrypto-3-x64.dll,openssl,openssl,3.3.3.0,"26 Dec, 2025 11:58:30 PM","26 Dec, 2025 11:58:30 PM",,"CVE-2025-9232, CVE-2025-9231, CVE-2025-9230"
b1ae15ae902f44f3ea37de38256acfa92dc22289,vmcmazwevdd-0,Windows11WVD,c:\program files\microsoft onedrive\25.224.1116.0003\libcrypto-3-x64.dll,openssl,openssl,3.4.1.0,"26 Dec, 2025 11:58:30 PM","26 Dec, 2025 11:58:30 PM",,"CVE-2025-9232, CVE-2025-9231, CVE-2025-9230"
b1ae15ae902f44f3ea37de38256acfa92dc22289,vmcmazwevdd-0,Windows11WVD,c:\program files\microsoft onedrive\25.224.1116.0003\libssl-3-x64.dll,openssl,openssl,3.4.1.0,"26 Dec, 2025 11:58:30 PM","26 Dec, 2025 11:58:30 PM",,"CVE-2025-9232, CVE-2025-9231, CVE-2025-9230"
d42503c98a970af283d9d3303cc417f82105e1dd,cpc-tahsi-rjzv4,Windows11,c:\program files (x86)\microsoft visual studio\2019\buildtools\common7\ide\commonextensions\microsoft\teamfoundation\team explorer\git\mingw32\bin\libcrypto-3.dll,openssl,openssl,3.2.1.0,"26 Dec, 2025 12:09:42 PM","26 Dec, 2025 12:09:42 PM",,"CVE-2025-9231, CVE-2025-9230, CVE-2024-9143, CVE-2024-6119, CVE-2024-5535, CVE-2024-4741, CVE-2024-4603, CVE-2024-2511, CVE-2024-13176, CVE-2024-12797"
d42503c98a970af283d9d3303cc417f82105e1dd,cpc-tahsi-rjzv4,Windows11,c:\program files (x86)\microsoft visual studio\2019\buildtools\common7\ide\commonextensions\microsoft\teamfoundation\team explorer\git\mingw32\bin\libssl-3.dll,openssl,openssl,3.2.1.0,"26 Dec, 2025 12:09:42 PM","26 Dec, 2025 12:09:42 PM",,"CVE-2025-9231, CVE-2025-9230, CVE-2024-9143, CVE-2024-6119, CVE-2024-5535, CVE-2024-4741, CVE-2024-4603, CVE-2024-2511, CVE-2024-13176, CVE-2024-12797"
d42503c98a970af283d9d3303cc417f82105e1dd,cpc-tahsi-rjzv4,Windows11,c:\program files\git\mingw64\bin\libcrypto-3-x64.dll,openssl,openssl,3.2.4.0,"26 Dec, 2025 12:09:42 PM","26 Dec, 2025 12:09:42 PM",,"CVE-2025-9232, CVE-2025-9231, CVE-2025-9230"
d42503c98a970af283d9d3303cc417f82105e1dd,cpc-tahsi-rjzv4,Windows11,c:\program files\git\mingw64\bin\libssl-3-x64.dll,openssl,openssl,3.2.4.0,"26 Dec, 2025 12:09:42 PM","26 Dec, 2025 12:09:42 PM",,"CVE-2025-9232, CVE-2025-9231, CVE-2025-9230"
d42503c98a970af283d9d3303cc417f82105e1dd,cpc-tahsi-rjzv4,Windows11,c:\program files\git\mingw64\libexec\git-core\libcrypto-3-x64.dll,openssl,openssl,3.2.4.0,"26 Dec, 2025 12:09:42 PM","26 Dec, 2025 12:09:42 PM",,"CVE-2025-9232, CVE-2025-9231, CVE-2025-9230"
d42503c98a970af283d9d3303cc417f82105e1dd,cpc-tahsi-rjzv4,Windows11,c:\program files\microsoft office\root\office16\libcrypto-3-x64.dll,openssl,openssl,3.5.2.0,"26 Dec, 2025 12:09:42 PM","26 Dec, 2025 12:09:42 PM",,"CVE-2025-9232, CVE-2025-9231, CVE-2025-9230"
d42503c98a970af283d9d3303cc417f82105e1dd,cpc-tahsi-rjzv4,Windows11,c:\program files\microsoft visual studio\2022\community\common7\ide\commonextensions\microsoft\teamfoundation\team explorer\git\mingw64\bin\libcrypto-3-x64.dll,openssl,openssl,3.2.3.0,"26 Dec, 2025 12:09:42 PM","26 Dec, 2025 12:09:42 PM",,"CVE-2025-9231, CVE-2025-9230, CVE-2024-9143, CVE-2024-13176, CVE-2024-12797"
d42503c98a970af283d9d3303cc417f82105e1dd,cpc-tahsi-rjzv4,Windows11,c:\program files\microsoft visual studio\2022\community\common7\ide\commonextensions\microsoft\teamfoundation\team explorer\git\mingw64\bin\libssl-3-x64.dll,openssl,openssl,3.2.3.0,"26 Dec, 2025 12:09:42 PM","26 Dec, 2025 12:09:42 PM",,"CVE-2025-9231, CVE-2025-9230, CVE-2024-9143, CVE-2024-13176, CVE-2024-12797"
d42503c98a970af283d9d3303cc417f82105e1dd,cpc-tahsi-rjzv4,Windows11,c:\python312\dlls\libcrypto-3.dll,openssl,openssl,3.0.13.0,"26 Dec, 2025 12:09:42 PM","26 Dec, 2025 12:09:42 PM",,"CVE-2025-9230, CVE-2024-9143, CVE-2024-6119, CVE-2024-5535, CVE-2024-4741, CVE-2024-4603, CVE-2024-2511, CVE-2024-13176"
d42503c98a970af283d9d3303cc417f82105e1dd,cpc-tahsi-rjzv4,Windows11,c:\python312\dlls\libssl-3.dll,openssl,openssl,3.0.13.0,"26 Dec, 2025 12:09:42 PM","26 Dec, 2025 12:09:42 PM",,"CVE-2025-9230, CVE-2024-9143, CVE-2024-6119, CVE-2024-5535, CVE-2024-4741, CVE-2024-4603, CVE-2024-2511, CVE-2024-13176"
a94b14cd910fa198bbb81b8f3367b6eee33ad6a3,vmazwevdd12-0,Windows11,c:\packages\plugins\microsoft.azure.security.windowsattestation.guestattestation\1.0.1.40\libcrypto-3-x64.dll,openssl,openssl,3.5.1.0,"26 Dec, 2025 03:45:18 PM","26 Dec, 2025 03:45:18 PM",,"CVE-2025-9232, CVE-2025-9231, CVE-2025-9230"
a94b14cd910fa198bbb81b8f3367b6eee33ad6a3,vmazwevdd12-0,Windows11,c:\packages\plugins\microsoft.azure.security.windowsattestation.guestattestation\1.0.1.40\libssl-3-x64.dll,openssl,openssl,3.5.1.0,"26 Dec, 2025 03:45:18 PM","26 Dec, 2025 03:45:18 PM",,"CVE-2025-9232, CVE-2025-9231, CVE-2025-9230"
1a56f237c1dd3b0118ec6306a6d4e5f53caa7b15,vmazwevdd10-0,Windows11,c:\program files\microsoft sdks\azure\cli2\libcrypto-3.dll,openssl,openssl,3.0.16.0,"24 Dec, 2025 05:56:41 PM","24 Dec, 2025 05:56:41 PM",,"CVE-2025-9232, CVE-2025-9230"
1a56f237c1dd3b0118ec6306a6d4e5f53caa7b15,vmazwevdd10-0,Windows11,c:\program files\microsoft sdks\azure\cli2\libssl-3.dll,openssl,openssl,3.0.16.0,"24 Dec, 2025 05:56:41 PM","24 Dec, 2025 05:56:41 PM",,"CVE-2025-9232, CVE-2025-9230"
98e9765a5410902f430cae6edaa7ebbf5ce6a87e,cpc-ramaz-o0o2m,Windows11,c:\program files\git\mingw64\bin\libcrypto-3-x64.dll,openssl,openssl,3.2.1.0,"27 Dec, 2025 03:31:33 AM","27 Dec, 2025 03:31:33 AM",,"CVE-2025-9231, CVE-2025-9230, CVE-2024-9143, CVE-2024-6119, CVE-2024-5535, CVE-2024-4741, CVE-2024-4603, CVE-2024-2511, CVE-2024-13176, CVE-2024-12797"
98e9765a5410902f430cae6edaa7ebbf5ce6a87e,cpc-ramaz-o0o2m,Windows11,c:\program files\git\mingw64\bin\libssl-3-x64.dll,openssl,openssl,3.2.1.0,"27 Dec, 2025 03:31:33 AM","27 Dec, 2025 03:31:33 AM",,"CVE-2025-9231, CVE-2025-9230, CVE-2024-9143, CVE-2024-6119, CVE-2024-5535, CVE-2024-4741, CVE-2024-4603, CVE-2024-2511, CVE-2024-13176, CVE-2024-12797"
98e9765a5410902f430cae6edaa7ebbf5ce6a87e,cpc-ramaz-o0o2m,Windows11,c:\program files\microsoft office\root\office16\libcrypto-3-x64.dll,openssl,openssl,3.5.2.0,"27 Dec, 2025 03:31:33 AM","27 Dec, 2025 03:31:33 AM",,"CVE-2025-9232, CVE-2025-9231, CVE-2025-9230"
98e9765a5410902f430cae6edaa7ebbf5ce6a87e,cpc-ramaz-o0o2m,Windows11,c:\users\ramazankilimci\appdata\local\programs\pgadmin 4\runtime\libcrypto-3-x64.dll,openssl,openssl,3.0.17.0,"27 Dec, 2025 03:31:33 AM","27 Dec, 2025 03:31:33 AM",,"CVE-2025-9232, CVE-2025-9230"
98e9765a5410902f430cae6edaa7ebbf5ce6a87e,cpc-ramaz-o0o2m,Windows11,c:\users\ramazankilimci\appdata\local\programs\pgadmin 4\runtime\libssl-3-x64.dll,openssl,openssl,3.0.17.0,"27 Dec, 2025 03:31:33 AM","27 Dec, 2025 03:31:33 AM",,"CVE-2025-9232, CVE-2025-9230"
bfd5064c5687c6431b923c449ae777dc0f886d77,sude-hp,Windows11,c:\program files\microsoft office\root\office16\libcrypto-3-x64.dll,openssl,openssl,3.5.2.0,"22 Dec, 2025 01:51:01 PM","22 Dec, 2025 01:51:01 PM",,"CVE-2025-9232, CVE-2025-9231, CVE-2025-9230"
bfd5064c5687c6431b923c449ae777dc0f886d77,sude-hp,Windows11,c:\program files\windowsapps\microsoft.microsoftofficehub_19.2512.49061.0_x64__8wekyb3d8bbwe\libcrypto-3-x64.dll,openssl,openssl,3.5.2.0,"22 Dec, 2025 01:51:01 PM","22 Dec, 2025 01:51:01 PM",,"CVE-2025-9232, CVE-2025-9231, CVE-2025-9230"
bfd5064c5687c6431b923c449ae777dc0f886d77,sude-hp,Windows11,c:\program files\windowsapps\microsoft.microsoftofficehub_19.2512.49061.0_x64__8wekyb3d8bbwe\libssl-3-x64.dll,openssl,openssl,3.5.2.0,"22 Dec, 2025 01:51:01 PM","22 Dec, 2025 01:51:01 PM",,"CVE-2025-9232, CVE-2025-9231, CVE-2025-9230"
bfd5064c5687c6431b923c449ae777dc0f886d77,sude-hp,Windows11,c:\program files\microsoft onedrive\25.224.1116.0003\libcrypto-3-x64.dll,openssl,openssl,3.4.1.0,"22 Dec, 2025 01:51:01 PM","22 Dec, 2025 01:51:01 PM",,"CVE-2025-9232, CVE-2025-9231, CVE-2025-9230"
bfd5064c5687c6431b923c449ae777dc0f886d77,sude-hp,Windows11,c:\program files\microsoft onedrive\25.224.1116.0003\libssl-3-x64.dll,openssl,openssl,3.4.1.0,"22 Dec, 2025 01:51:01 PM","22 Dec, 2025 01:51:01 PM",,"CVE-2025-9232, CVE-2025-9231, CVE-2025-9230"
bfd5064c5687c6431b923c449ae777dc0f886d77,sude-hp,Windows11,c:\program files\windowsapps\microsoft.windows.photos_2025.11110.18001.0_x64__8wekyb3d8bbwe\libcrypto-3-x64.dll,openssl,openssl,3.3.3.0,"22 Dec, 2025 01:51:01 PM","22 Dec, 2025 01:51:01 PM",,"CVE-2025-9232, CVE-2025-9231, CVE-2025-9230"
1275364bf8124a469bae00de6be71ad5759a2aeb,hp,Windows11,c:\program files\microsoft office\root\office16\libcrypto-3-x64.dll,openssl,openssl,3.5.2.0,"23 Dec, 2025 02:43:04 PM","23 Dec, 2025 02:43:04 PM",,"CVE-2025-9232, CVE-2025-9231, CVE-2025-9230"
1275364bf8124a469bae00de6be71ad5759a2aeb,hp,Windows11,c:\program files\windowsapps\microsoft.microsoftofficehub_19.2512.49061.0_x64__8wekyb3d8bbwe\libcrypto-3-x64.dll,openssl,openssl,3.5.2.0,"23 Dec, 2025 02:43:04 PM","23 Dec, 2025 02:43:04 PM",,"CVE-2025-9232, CVE-2025-9231, CVE-2025-9230"
1275364bf8124a469bae00de6be71ad5759a2aeb,hp,Windows11,c:\program files\windowsapps\microsoft.microsoftofficehub_19.2512.49061.0_x64__8wekyb3d8bbwe\libssl-3-x64.dll,openssl,openssl,3.5.2.0,"23 Dec, 2025 02:43:04 PM","23 Dec, 2025 02:43:04 PM",,"CVE-2025-9232, CVE-2025-9231, CVE-2025-9230"
1275364bf8124a469bae00de6be71ad5759a2aeb,hp,Windows11,c:\program files\windowsapps\microsoft.microsoftofficehub_19.2512.46101.0_x64__8wekyb3d8bbwe\libcrypto-3-x64.dll,openssl,openssl,3.5.2.0,"22 Dec, 2025 08:37:22 AM","22 Dec, 2025 08:37:22 AM",,"CVE-2025-9232, CVE-2025-9231, CVE-2025-9230"
1275364bf8124a469bae00de6be71ad5759a2aeb,hp,Windows11,c:\program files\windowsapps\microsoft.microsoftofficehub_19.2512.46101.0_x64__8wekyb3d8bbwe\libssl-3-x64.dll,openssl,openssl,3.5.2.0,"22 Dec, 2025 08:37:22 AM","22 Dec, 2025 08:37:22 AM",,"CVE-2025-9232, CVE-2025-9231, CVE-2025-9230"
1275364bf8124a469bae00de6be71ad5759a2aeb,hp,Windows11,c:\program files\microsoft onedrive\25.224.1116.0003\libcrypto-3-x64.dll,openssl,openssl,3.4.1.0,"23 Dec, 2025 02:43:04 PM","23 Dec, 2025 02:43:04 PM",,"CVE-2025-9232, CVE-2025-9231, CVE-2025-9230"
1275364bf8124a469bae00de6be71ad5759a2aeb,hp,Windows11,c:\program files\microsoft onedrive\25.224.1116.0003\libssl-3-x64.dll,openssl,openssl,3.4.1.0,"23 Dec, 2025 02:43:04 PM","23 Dec, 2025 02:43:04 PM",,"CVE-2025-9232, CVE-2025-9231, CVE-2025-9230"
1275364bf8124a469bae00de6be71ad5759a2aeb,hp,Windows11,c:\program files\windowsapps\microsoft.windows.photos_2025.11120.5001.0_x64__8wekyb3d8bbwe\libcrypto-3-x64.dll,openssl,openssl,3.3.3.0,"23 Dec, 2025 02:43:04 PM","23 Dec, 2025 02:43:04 PM",,"CVE-2025-9232, CVE-2025-9231, CVE-2025-9230"
f3c9cf2089740807bd3e2cde4c1dd870375423d5,kerem-hp,Windows11,c:\program files\microsoft office\root\office16\libcrypto-3-x64.dll,openssl,openssl,3.5.2.0,"23 Dec, 2025 11:11:52 AM","23 Dec, 2025 11:11:52 AM",,"CVE-2025-9232, CVE-2025-9231, CVE-2025-9230"
f3c9cf2089740807bd3e2cde4c1dd870375423d5,kerem-hp,Windows11,c:\program files\windowsapps\microsoft.microsoftofficehub_19.2512.46101.0_x64__8wekyb3d8bbwe\libcrypto-3-x64.dll,openssl,openssl,3.5.2.0,"23 Dec, 2025 11:11:52 AM","23 Dec, 2025 11:11:52 AM",,"CVE-2025-9232, CVE-2025-9231, CVE-2025-9230"
f3c9cf2089740807bd3e2cde4c1dd870375423d5,kerem-hp,Windows11,c:\program files\windowsapps\microsoft.microsoftofficehub_19.2512.46101.0_x64__8wekyb3d8bbwe\libssl-3-x64.dll,openssl,openssl,3.5.2.0,"23 Dec, 2025 11:11:52 AM","23 Dec, 2025 11:11:52 AM",,"CVE-2025-9232, CVE-2025-9231, CVE-2025-9230"
f3c9cf2089740807bd3e2cde4c1dd870375423d5,kerem-hp,Windows11,c:\program files\microsoft onedrive\25.224.1116.0003\libcrypto-3-x64.dll,openssl,openssl,3.4.1.0,"23 Dec, 2025 11:11:52 AM","23 Dec, 2025 11:11:52 AM",,"CVE-2025-9232, CVE-2025-9231, CVE-2025-9230"
f3c9cf2089740807bd3e2cde4c1dd870375423d5,kerem-hp,Windows11,c:\program files\microsoft onedrive\25.224.1116.0003\libssl-3-x64.dll,openssl,openssl,3.4.1.0,"23 Dec, 2025 11:11:52 AM","23 Dec, 2025 11:11:52 AM",,"CVE-2025-9232, CVE-2025-9231, CVE-2025-9230"
f3c9cf2089740807bd3e2cde4c1dd870375423d5,kerem-hp,Windows11,c:\program files\windowsapps\microsoft.windows.photos_2025.11120.5001.0_x64__8wekyb3d8bbwe\libcrypto-3-x64.dll,openssl,openssl,3.3.3.0,"23 Dec, 2025 11:11:52 AM","23 Dec, 2025 11:11:52 AM",,"CVE-2025-9232, CVE-2025-9231, CVE-2025-9230"
f3c9cf2089740807bd3e2cde4c1dd870375423d5,kerem-hp,Windows11,c:\users\keremkaplan\appdata\roaming\zoom\bin\libcrypto-3-zm.dll,openssl,openssl,3.4.2.0,"23 Dec, 2025 11:11:52 AM","23 Dec, 2025 11:11:52 AM",,"CVE-2025-9232, CVE-2025-9231, CVE-2025-9230"
f3c9cf2089740807bd3e2cde4c1dd870375423d5,kerem-hp,Windows11,c:\users\keremkaplan\appdata\roaming\zoom\bin\libssl-3-zm.dll,openssl,openssl,3.4.2.0,"23 Dec, 2025 11:11:52 AM","23 Dec, 2025 11:11:52 AM",,"CVE-2025-9232, CVE-2025-9231, CVE-2025-9230"
269f81444626c932d22cbd54af199098b2f70b15,cpc-fatih-x5krr,Windows11,c:\program files\zoom\bin\libcrypto-3-zm.dll,openssl,openssl,3.1.5.0,"26 Dec, 2025 06:23:06 PM","26 Dec, 2025 06:23:06 PM",,"CVE-2024-9143, CVE-2024-6119, CVE-2024-5535, CVE-2024-4741, CVE-2024-4603, CVE-2024-2511, CVE-2024-13176"
269f81444626c932d22cbd54af199098b2f70b15,cpc-fatih-x5krr,Windows11,c:\program files\zoom\bin\libssl-3-zm.dll,openssl,openssl,3.1.5.0,"26 Dec, 2025 06:23:06 PM","26 Dec, 2025 06:23:06 PM",,"CVE-2024-9143, CVE-2024-6119, CVE-2024-5535, CVE-2024-4741, CVE-2024-4603, CVE-2024-2511, CVE-2024-13176"
269f81444626c932d22cbd54af199098b2f70b15,cpc-fatih-x5krr,Windows11,c:\program files\microsoft office\root\office16\libcrypto-3-x64.dll,openssl,openssl,3.5.2.0,"26 Dec, 2025 06:23:06 PM","26 Dec, 2025 06:23:06 PM",,"CVE-2025-9232, CVE-2025-9231, CVE-2025-9230"
7c2bddb1b0adae2b693143ed63ee1de5401fcaa8,vmazwevd11-0,Windows11WVD,c:\program files\microsoft office\root\office16\libcrypto-3-x64.dll,openssl,openssl,3.5.2.0,"27 Dec, 2025 02:13:34 AM","27 Dec, 2025 02:13:34 AM",,"CVE-2025-9232, CVE-2025-9231, CVE-2025-9230"
7c2bddb1b0adae2b693143ed63ee1de5401fcaa8,vmazwevd11-0,Windows11WVD,c:\program files\windowsapps\microsoft.microsoftofficehub_19.2512.53121.0_x64__8wekyb3d8bbwe\libcrypto-3-x64.dll,openssl,openssl,3.5.2.0,"27 Dec, 2025 02:13:34 AM","27 Dec, 2025 02:13:34 AM",,"CVE-2025-9232, CVE-2025-9231, CVE-2025-9230"
7c2bddb1b0adae2b693143ed63ee1de5401fcaa8,vmazwevd11-0,Windows11WVD,c:\program files\windowsapps\microsoft.microsoftofficehub_19.2512.53121.0_x64__8wekyb3d8bbwe\libssl-3-x64.dll,openssl,openssl,3.5.2.0,"27 Dec, 2025 02:13:34 AM","27 Dec, 2025 02:13:34 AM",,"CVE-2025-9232, CVE-2025-9231, CVE-2025-9230"
7c2bddb1b0adae2b693143ed63ee1de5401fcaa8,vmazwevd11-0,Windows11WVD,c:\program files\microsoft office\updates\download\packagefiles\bcdaab4b-ee85-4aab-856e-5450b4819550\root\office16\libcrypto-3-x64.dll,openssl,openssl,3.5.2.0,"27 Dec, 2025 02:13:34 AM","27 Dec, 2025 02:13:34 AM",,"CVE-2025-9232, CVE-2025-9231, CVE-2025-9230"
7c2bddb1b0adae2b693143ed63ee1de5401fcaa8,vmazwevd11-0,Windows11WVD,c:\program files\microsoft office\updates\download\packagefiles\9de60ed6-80b9-42f1-9e72-d03d9c3d9e81\root\office16\libcrypto-3-x64.dll,openssl,openssl,3.5.2.0,"25 Dec, 2025 10:13:33 PM","25 Dec, 2025 10:13:33 PM",,"CVE-2025-9232, CVE-2025-9231, CVE-2025-9230"
7c2bddb1b0adae2b693143ed63ee1de5401fcaa8,vmazwevd11-0,Windows11WVD,c:\program files\windowsapps\microsoft.microsoftofficehub_19.2512.52151.0_x64__8wekyb3d8bbwe\libcrypto-3-x64.dll,openssl,openssl,3.5.2.0,"25 Dec, 2025 08:13:31 AM","25 Dec, 2025 08:13:31 AM",,"CVE-2025-9232, CVE-2025-9231, CVE-2025-9230"
7c2bddb1b0adae2b693143ed63ee1de5401fcaa8,vmazwevd11-0,Windows11WVD,c:\program files\windowsapps\microsoft.microsoftofficehub_19.2512.52151.0_x64__8wekyb3d8bbwe\libssl-3-x64.dll,openssl,openssl,3.5.2.0,"25 Dec, 2025 08:13:31 AM","25 Dec, 2025 08:13:31 AM",,"CVE-2025-9232, CVE-2025-9231, CVE-2025-9230"
7c2bddb1b0adae2b693143ed63ee1de5401fcaa8,vmazwevd11-0,Windows11WVD,c:\program files\microsoft onedrive\25.224.1116.0003\libcrypto-3-x64.dll,openssl,openssl,3.4.1.0,"27 Dec, 2025 02:13:34 AM","27 Dec, 2025 02:13:34 AM",,"CVE-2025-9232, CVE-2025-9231, CVE-2025-9230"
7c2bddb1b0adae2b693143ed63ee1de5401fcaa8,vmazwevd11-0,Windows11WVD,c:\program files\microsoft onedrive\25.224.1116.0003\libssl-3-x64.dll,openssl,openssl,3.4.1.0,"27 Dec, 2025 02:13:34 AM","27 Dec, 2025 02:13:34 AM",,"CVE-2025-9232, CVE-2025-9231, CVE-2025-9230"
7c2bddb1b0adae2b693143ed63ee1de5401fcaa8,vmazwevd11-0,Windows11WVD,c:\program files\windowsapps\microsoft.windows.photos_2025.11120.5001.0_x64__8wekyb3d8bbwe\libcrypto-3-x64.dll,openssl,openssl,3.3.3.0,"27 Dec, 2025 02:13:34 AM","27 Dec, 2025 02:13:34 AM",,"CVE-2025-9232, CVE-2025-9231, CVE-2025-9230"
be4fd351693ea19574e771ffb3b7eaf5bf1d6672,selin-hp,Windows11,c:\program files\microsoft office\root\office16\libcrypto-3-x64.dll,openssl,openssl,3.5.2.0,"25 Dec, 2025 09:18:29 AM","25 Dec, 2025 09:18:29 AM",,"CVE-2025-9232, CVE-2025-9231, CVE-2025-9230"
be4fd351693ea19574e771ffb3b7eaf5bf1d6672,selin-hp,Windows11,c:\program files\windowsapps\microsoft.microsoftofficehub_19.2512.49061.0_x64__8wekyb3d8bbwe\libcrypto-3-x64.dll,openssl,openssl,3.5.2.0,"25 Dec, 2025 09:18:29 AM","25 Dec, 2025 09:18:29 AM",,"CVE-2025-9232, CVE-2025-9231, CVE-2025-9230"
be4fd351693ea19574e771ffb3b7eaf5bf1d6672,selin-hp,Windows11,c:\program files\windowsapps\microsoft.microsoftofficehub_19.2512.49061.0_x64__8wekyb3d8bbwe\libssl-3-x64.dll,openssl,openssl,3.5.2.0,"25 Dec, 2025 09:18:29 AM","25 Dec, 2025 09:18:29 AM",,"CVE-2025-9232, CVE-2025-9231, CVE-2025-9230"
be4fd351693ea19574e771ffb3b7eaf5bf1d6672,selin-hp,Windows11,c:\program files\microsoft onedrive\25.224.1116.0003\libcrypto-3-x64.dll,openssl,openssl,3.4.1.0,"25 Dec, 2025 09:18:29 AM","25 Dec, 2025 09:18:29 AM",,"CVE-2025-9232, CVE-2025-9231, CVE-2025-9230"
be4fd351693ea19574e771ffb3b7eaf5bf1d6672,selin-hp,Windows11,c:\program files\microsoft onedrive\25.224.1116.0003\libssl-3-x64.dll,openssl,openssl,3.4.1.0,"25 Dec, 2025 09:18:29 AM","25 Dec, 2025 09:18:29 AM",,"CVE-2025-9232, CVE-2025-9231, CVE-2025-9230"
be4fd351693ea19574e771ffb3b7eaf5bf1d6672,selin-hp,Windows11,c:\program files\windowsapps\microsoft.windows.photos_2025.11120.5001.0_x64__8wekyb3d8bbwe\libcrypto-3-x64.dll,openssl,openssl,3.3.3.0,"25 Dec, 2025 09:18:29 AM","25 Dec, 2025 09:18:29 AM",,"CVE-2025-9232, CVE-2025-9231, CVE-2025-9230"
6af32847a9cb83a9eb030598069ca0191eb3a61b,cpc-konal-9dz7m,Windows11,c:\program files (x86)\microsoft purview information protection\x64\libcrypto-3-x64.dll,openssl,openssl,3.0.15.0,"27 Dec, 2025 02:02:01 AM","27 Dec, 2025 02:02:01 AM",,"CVE-2025-9230, CVE-2024-9143, CVE-2024-13176"
6af32847a9cb83a9eb030598069ca0191eb3a61b,cpc-konal-9dz7m,Windows11,c:\program files (x86)\microsoft purview information protection\x64\libssl-3-x64.dll,openssl,openssl,3.0.15.0,"27 Dec, 2025 02:02:01 AM","27 Dec, 2025 02:02:01 AM",,"CVE-2025-9230, CVE-2024-9143, CVE-2024-13176"
6af32847a9cb83a9eb030598069ca0191eb3a61b,cpc-konal-9dz7m,Windows11,c:\program files (x86)\microsoft purview information protection\x86\libcrypto-3.dll,openssl,openssl,3.0.15.0,"27 Dec, 2025 02:02:01 AM","27 Dec, 2025 02:02:01 AM",,"CVE-2025-9230, CVE-2024-9143, CVE-2024-13176"
6af32847a9cb83a9eb030598069ca0191eb3a61b,cpc-konal-9dz7m,Windows11,c:\program files (x86)\microsoft purview information protection\x86\libssl-3.dll,openssl,openssl,3.0.15.0,"27 Dec, 2025 02:02:01 AM","27 Dec, 2025 02:02:01 AM",,"CVE-2025-9230, CVE-2024-9143, CVE-2024-13176"
6af32847a9cb83a9eb030598069ca0191eb3a61b,cpc-konal-9dz7m,Windows11,c:\program files\adobe\acrobat dc\acrobat\plug_ins\libcrypto-3-x64.dll,openssl,openssl,3.0.16.0,"27 Dec, 2025 02:02:01 AM","27 Dec, 2025 02:02:01 AM",,"CVE-2025-9232, CVE-2025-9230"
6af32847a9cb83a9eb030598069ca0191eb3a61b,cpc-konal-9dz7m,Windows11,c:\program files\adobe\acrobat dc\acrobat\plug_ins\libssl-3-x64.dll,openssl,openssl,3.0.16.0,"27 Dec, 2025 02:02:01 AM","27 Dec, 2025 02:02:01 AM",,"CVE-2025-9232, CVE-2025-9230"
6af32847a9cb83a9eb030598069ca0191eb3a61b,cpc-konal-9dz7m,Windows11,c:\program files\simba spark odbc driver\lib\openssl64.dlla\libcrypto-3-x64.dll,openssl,openssl,3.0.16.0,"27 Dec, 2025 02:02:01 AM","27 Dec, 2025 02:02:01 AM",,"CVE-2025-9232, CVE-2025-9230"
6af32847a9cb83a9eb030598069ca0191eb3a61b,cpc-konal-9dz7m,Windows11,c:\program files\simba spark odbc driver\lib\openssl64.dlla\libssl-3-x64.dll,openssl,openssl,3.0.16.0,"27 Dec, 2025 02:02:01 AM","27 Dec, 2025 02:02:01 AM",,"CVE-2025-9232, CVE-2025-9230"
6af32847a9cb83a9eb030598069ca0191eb3a61b,cpc-konal-9dz7m,Windows11,c:\program files\microsoft office\root\office16\libcrypto-3-x64.dll,openssl,openssl,3.5.2.0,"27 Dec, 2025 02:02:01 AM","27 Dec, 2025 02:02:01 AM",,"CVE-2025-9232, CVE-2025-9231, CVE-2025-9230"
